<?xml version="1.0" encoding="UTF-8"?>
<export version="D">
  <design>
    <source>D:\Ashish_Pardeshi\DIY_Lab_Instruments\Contact-less Thermometer\IR_Thermometer_PCB_Design\IR_Thermometer\IR_Thermometer_Arduino_Pro_Mini\IR_Thermometer.sch</source>
    <date>4/21/2020 12:27:15 PM</date>
    <tool>Eeschema (5.1.5)-3</tool>
    <sheet number="1" name="/" tstamps="/">
      <title_block>
        <title/>
        <company/>
        <rev/>
        <date/>
        <source>IR_Thermometer.sch</source>
        <comment number="1" value=""/>
        <comment number="2" value=""/>
        <comment number="3" value=""/>
        <comment number="4" value=""/>
      </title_block>
    </sheet>
  </design>
  <components>
    <comp ref="U3">
      <value>DS3231M</value>
      <footprint>Package_SO:SOIC-16W_7.5x10.3mm_P1.27mm</footprint>
      <datasheet>http://datasheets.maximintegrated.com/en/ds/DS3231.pdf</datasheet>
      <libsource lib="Timer_RTC" part="DS3231M" description="Extremely Accurate I2C-Integrated RTC/TCXO/Crystal SOIC-16"/>
      <sheetpath names="/" tstamps="/"/>
      <tstamp>5E804AEB</tstamp>
    </comp>
    <comp ref="U2">
      <value>ESP-01v090</value>
      <footprint>ESP8266:ESP-01</footprint>
      <datasheet>http://l0l.org.uk/2014/12/esp8266-modules-hardware-guide-gotta-catch-em-all/</datasheet>
      <libsource lib="ESP8266" part="ESP-01v090" description="ESP8266 ESP-01 module, v090"/>
      <sheetpath names="/" tstamps="/"/>
      <tstamp>5E80CA35</tstamp>
    </comp>
    <comp ref="dis1">
      <value>OLED_I2C</value>
      <footprint>Connector_JST:JST_EH_B4B-EH-A_1x04_P2.50mm_Vertical</footprint>
      <libsource lib="OLED_128x64_I2C" part="OLED_I2C" description="Two Wire 128x64 Oled"/>
      <sheetpath names="/" tstamps="/"/>
      <tstamp>5E810212</tstamp>
    </comp>
    <comp ref="U4">
      <value>MLX90614</value>
      <footprint>Connector_JST:JST_EH_B4B-EH-A_1x04_P2.50mm_Vertical</footprint>
      <libsource lib="SparkFun-Sensors" part="MLX90614" description="Melexis MLX90614 Infrared (IR) Thermometer The MLX90614 is a passive infrared (PIR) I&lt;sup&gt;2&lt;/sup&gt;C temperature sensor.It is designed for non-contact temperature sensing. An internal 17-bit ADC and a powerful DSP contribute to the MLX90614 s high accuracy and resolution. It has a huge number of applications including body temperature measurment and movement detection. &lt;a href=&quot;http://www.sparkfun.com/datasheets/Sensors/Temperature/SEN-09570-datasheet-3901090614M005.pdf&quot;&gt;Datasheet&lt;/a&gt; &lt;h4&gt;SparkFun Products&lt;/h4&gt;&lt;ul&gt;&lt;li&gt;&lt;a href=&quot;https://www.sparkfun.com/products/9570&quot;&gt;Infrared Thermometer - MLX90614&lt;/a&gt; (SEN-09570)&lt;/li&gt;&lt;li&gt;&lt;a href=&quot;https://www.sparkfun.com/products/10740&quot;&gt;SparkFun IR Thermometer Evaluation Board - MLX90614 &lt;/a&gt; (SEN-10740)&lt;/li&gt;&lt;/ul&gt;"/>
      <sheetpath names="/" tstamps="/"/>
      <tstamp>5E81AA98</tstamp>
    </comp>
    <comp ref="S2">
      <value>SWITCH-SPST</value>
      <footprint>Connector_JST:JST_EH_B2B-EH-A_1x02_P2.50mm_Vertical</footprint>
      <libsource lib="SparkFun-Connectors" part="CONN_02JST-PTH-2-KIT" description="Multi connection point. Often used as Generic Header-pin footprint for 0.1 inch spaced/style header connections  &lt;b&gt;On any of the 0.1 inch spaced packages, you can populate with these:&lt;/b&gt;&lt;ul&gt;&lt;li&gt;&lt;a href=&quot;https://www.sparkfun.com/products/116&quot;&gt; Break Away Headers - Straight&lt;/a&gt; (PRT-00116)&lt;/li&gt;&lt;li&gt;&lt;a href=&quot;https://www.sparkfun.com/products/553&quot;&gt; Break Away Male Headers - Right Angle&lt;/a&gt; (PRT-00553)&lt;/li&gt;&lt;li&gt;&lt;a href=&quot;https://www.sparkfun.com/products/115&quot;&gt; Female Headers&lt;/a&gt; (PRT-00115)&lt;/li&gt;&lt;li&gt;&lt;a href=&quot;https://www.sparkfun.com/products/117&quot;&gt; Break Away Headers - Machine Pin&lt;/a&gt; (PRT-00117)&lt;/li&gt;&lt;li&gt;&lt;a href=&quot;https://www.sparkfun.com/products/743&quot;&gt; Break Away Female Headers - Swiss Machine Pin&lt;/a&gt; (PRT-00743)&lt;/li&gt;&lt;/ul&gt; &lt;b&gt; For SCREWTERMINALS and SPRING TERMINALS visit here:&lt;/b&gt;&lt;ul&gt;&lt;li&gt;&lt;a href=&quot;https://www.sparkfun.com/search/results?term=Screw+Terminals&quot;&gt; Screw Terimnals on SparkFun.com&lt;/a&gt; (5mm/3.5mm/2.54mm spacing)&lt;/li&gt;&lt;/ul&gt; &lt;b&gt;This device is also useful as a general connection point to wire up your design to another part of your project. Our various solder wires solder well into these plated through hole pads.&lt;/b&gt;&lt;ul&gt;&lt;li&gt;&lt;a href=&quot;https://www.sparkfun.com/products/11375&quot;&gt; Hook-Up Wire - Assortment (Stranded, 22 AWG)&lt;/a&gt; (PRT-11375)&lt;/li&gt;&lt;li&gt;&lt;a href=&quot;https://www.sparkfun.com/products/11367&quot;&gt; Hook-Up Wire - Assortment (Solid Core, 22 AWG)&lt;/a&gt; (PRT-11367)&lt;/li&gt;&lt;li&gt;&lt;a href=&quot;https://www.sparkfun.com/categories/141&quot;&gt; View the entire wire category on our website here&lt;/a&gt;&lt;/li&gt; &lt;/ul&gt; &lt;b&gt;Special notes:&lt;/b&gt; Molex polarized connector foot print use with: PRT-08233 with associated crimp pins and housings.&lt;br&gt;&lt;br&gt;2.54_SCREWTERM for use with  PRT-10571.&lt;br&gt;&lt;br&gt;3.5mm Screw Terminal footprints for  PRT-08084&lt;br&gt;&lt;br&gt;5mm Screw Terminal footprints for use with PRT-08432"/>
      <sheetpath names="/" tstamps="/"/>
      <tstamp>5E826C5E</tstamp>
    </comp>
    <comp ref="S3">
      <value>SWITCH-SPST</value>
      <footprint>Connector_JST:JST_EH_B2B-EH-A_1x02_P2.50mm_Vertical</footprint>
      <libsource lib="SparkFun-Connectors" part="CONN_02JST-PTH-2-KIT" description="Multi connection point. Often used as Generic Header-pin footprint for 0.1 inch spaced/style header connections  &lt;b&gt;On any of the 0.1 inch spaced packages, you can populate with these:&lt;/b&gt;&lt;ul&gt;&lt;li&gt;&lt;a href=&quot;https://www.sparkfun.com/products/116&quot;&gt; Break Away Headers - Straight&lt;/a&gt; (PRT-00116)&lt;/li&gt;&lt;li&gt;&lt;a href=&quot;https://www.sparkfun.com/products/553&quot;&gt; Break Away Male Headers - Right Angle&lt;/a&gt; (PRT-00553)&lt;/li&gt;&lt;li&gt;&lt;a href=&quot;https://www.sparkfun.com/products/115&quot;&gt; Female Headers&lt;/a&gt; (PRT-00115)&lt;/li&gt;&lt;li&gt;&lt;a href=&quot;https://www.sparkfun.com/products/117&quot;&gt; Break Away Headers - Machine Pin&lt;/a&gt; (PRT-00117)&lt;/li&gt;&lt;li&gt;&lt;a href=&quot;https://www.sparkfun.com/products/743&quot;&gt; Break Away Female Headers - Swiss Machine Pin&lt;/a&gt; (PRT-00743)&lt;/li&gt;&lt;/ul&gt; &lt;b&gt; For SCREWTERMINALS and SPRING TERMINALS visit here:&lt;/b&gt;&lt;ul&gt;&lt;li&gt;&lt;a href=&quot;https://www.sparkfun.com/search/results?term=Screw+Terminals&quot;&gt; Screw Terimnals on SparkFun.com&lt;/a&gt; (5mm/3.5mm/2.54mm spacing)&lt;/li&gt;&lt;/ul&gt; &lt;b&gt;This device is also useful as a general connection point to wire up your design to another part of your project. Our various solder wires solder well into these plated through hole pads.&lt;/b&gt;&lt;ul&gt;&lt;li&gt;&lt;a href=&quot;https://www.sparkfun.com/products/11375&quot;&gt; Hook-Up Wire - Assortment (Stranded, 22 AWG)&lt;/a&gt; (PRT-11375)&lt;/li&gt;&lt;li&gt;&lt;a href=&quot;https://www.sparkfun.com/products/11367&quot;&gt; Hook-Up Wire - Assortment (Solid Core, 22 AWG)&lt;/a&gt; (PRT-11367)&lt;/li&gt;&lt;li&gt;&lt;a href=&quot;https://www.sparkfun.com/categories/141&quot;&gt; View the entire wire category on our website here&lt;/a&gt;&lt;/li&gt; &lt;/ul&gt; &lt;b&gt;Special notes:&lt;/b&gt; Molex polarized connector foot print use with: PRT-08233 with associated crimp pins and housings.&lt;br&gt;&lt;br&gt;2.54_SCREWTERM for use with  PRT-10571.&lt;br&gt;&lt;br&gt;3.5mm Screw Terminal footprints for  PRT-08084&lt;br&gt;&lt;br&gt;5mm Screw Terminal footprints for use with PRT-08432"/>
      <sheetpath names="/" tstamps="/"/>
      <tstamp>5E827900</tstamp>
    </comp>
    <comp ref="S4">
      <value>SWITCH-SPST</value>
      <footprint>Connector_JST:JST_EH_B2B-EH-A_1x02_P2.50mm_Vertical</footprint>
      <libsource lib="SparkFun-Connectors" part="CONN_02JST-PTH-2-KIT" description="Multi connection point. Often used as Generic Header-pin footprint for 0.1 inch spaced/style header connections  &lt;b&gt;On any of the 0.1 inch spaced packages, you can populate with these:&lt;/b&gt;&lt;ul&gt;&lt;li&gt;&lt;a href=&quot;https://www.sparkfun.com/products/116&quot;&gt; Break Away Headers - Straight&lt;/a&gt; (PRT-00116)&lt;/li&gt;&lt;li&gt;&lt;a href=&quot;https://www.sparkfun.com/products/553&quot;&gt; Break Away Male Headers - Right Angle&lt;/a&gt; (PRT-00553)&lt;/li&gt;&lt;li&gt;&lt;a href=&quot;https://www.sparkfun.com/products/115&quot;&gt; Female Headers&lt;/a&gt; (PRT-00115)&lt;/li&gt;&lt;li&gt;&lt;a href=&quot;https://www.sparkfun.com/products/117&quot;&gt; Break Away Headers - Machine Pin&lt;/a&gt; (PRT-00117)&lt;/li&gt;&lt;li&gt;&lt;a href=&quot;https://www.sparkfun.com/products/743&quot;&gt; Break Away Female Headers - Swiss Machine Pin&lt;/a&gt; (PRT-00743)&lt;/li&gt;&lt;/ul&gt; &lt;b&gt; For SCREWTERMINALS and SPRING TERMINALS visit here:&lt;/b&gt;&lt;ul&gt;&lt;li&gt;&lt;a href=&quot;https://www.sparkfun.com/search/results?term=Screw+Terminals&quot;&gt; Screw Terimnals on SparkFun.com&lt;/a&gt; (5mm/3.5mm/2.54mm spacing)&lt;/li&gt;&lt;/ul&gt; &lt;b&gt;This device is also useful as a general connection point to wire up your design to another part of your project. Our various solder wires solder well into these plated through hole pads.&lt;/b&gt;&lt;ul&gt;&lt;li&gt;&lt;a href=&quot;https://www.sparkfun.com/products/11375&quot;&gt; Hook-Up Wire - Assortment (Stranded, 22 AWG)&lt;/a&gt; (PRT-11375)&lt;/li&gt;&lt;li&gt;&lt;a href=&quot;https://www.sparkfun.com/products/11367&quot;&gt; Hook-Up Wire - Assortment (Solid Core, 22 AWG)&lt;/a&gt; (PRT-11367)&lt;/li&gt;&lt;li&gt;&lt;a href=&quot;https://www.sparkfun.com/categories/141&quot;&gt; View the entire wire category on our website here&lt;/a&gt;&lt;/li&gt; &lt;/ul&gt; &lt;b&gt;Special notes:&lt;/b&gt; Molex polarized connector foot print use with: PRT-08233 with associated crimp pins and housings.&lt;br&gt;&lt;br&gt;2.54_SCREWTERM for use with  PRT-10571.&lt;br&gt;&lt;br&gt;3.5mm Screw Terminal footprints for  PRT-08084&lt;br&gt;&lt;br&gt;5mm Screw Terminal footprints for use with PRT-08432"/>
      <sheetpath names="/" tstamps="/"/>
      <tstamp>5E8281AE</tstamp>
    </comp>
    <comp ref="J2">
      <value>CONN_03JST-PTH</value>
      <footprint>Connector_JST:JST_EH_B3B-EH-A_1x03_P2.50mm_Vertical</footprint>
      <libsource lib="SparkFun-Connectors" part="CONN_03JST-PTH" description="Multi connection point. Often used as Generic Header-pin footprint for 0.1 inch spaced/style header connections  &lt;b&gt;On any of the 0.1 inch spaced packages, you can populate with these:&lt;/b&gt;&lt;ul&gt;&lt;li&gt;&lt;a href=&quot;https://www.sparkfun.com/products/116&quot;&gt; Break Away Headers - Straight&lt;/a&gt; (PRT-00116)&lt;/li&gt;&lt;li&gt;&lt;a href=&quot;https://www.sparkfun.com/products/553&quot;&gt; Break Away Male Headers - Right Angle&lt;/a&gt; (PRT-00553)&lt;/li&gt;&lt;li&gt;&lt;a href=&quot;https://www.sparkfun.com/products/115&quot;&gt; Female Headers&lt;/a&gt; (PRT-00115)&lt;/li&gt;&lt;li&gt;&lt;a href=&quot;https://www.sparkfun.com/products/117&quot;&gt; Break Away Headers - Machine Pin&lt;/a&gt; (PRT-00117)&lt;/li&gt;&lt;li&gt;&lt;a href=&quot;https://www.sparkfun.com/products/743&quot;&gt; Break Away Female Headers - Swiss Machine Pin&lt;/a&gt; (PRT-00743)&lt;/li&gt;&lt;li&gt;&lt;a href=&quot;https://www.sparkfun.com/products/13875&quot;&gt; Stackable Header - 3 Pin (Female, 0.1&quot;)&lt;/a&gt; (PRT-13875)&lt;/li&gt;&lt;/ul&gt; &lt;b&gt; For SCREWTERMINALS and SPRING TERMINALS visit here:&lt;/b&gt;&lt;ul&gt;&lt;li&gt;&lt;a href=&quot;https://www.sparkfun.com/search/results?term=Screw+Terminals&quot;&gt; Screw Terimnals on SparkFun.com&lt;/a&gt; (5mm/3.5mm/2.54mm spacing)&lt;/li&gt;&lt;/ul&gt; &lt;b&gt;This device is also useful as a general connection point to wire up your design to another part of your project. Our various solder wires solder well into these plated through hole pads.&lt;/b&gt;&lt;ul&gt;&lt;li&gt;&lt;a href=&quot;https://www.sparkfun.com/products/11375&quot;&gt; Hook-Up Wire - Assortment (Stranded, 22 AWG)&lt;/a&gt; (PRT-11375)&lt;/li&gt;&lt;li&gt;&lt;a href=&quot;https://www.sparkfun.com/products/11367&quot;&gt; Hook-Up Wire - Assortment (Solid Core, 22 AWG)&lt;/a&gt; (PRT-11367)&lt;/li&gt;&lt;li&gt;&lt;a href=&quot;https://www.sparkfun.com/categories/141&quot;&gt; View the entire wire category on our website here&lt;/a&gt;&lt;/li&gt; &lt;/ul&gt; &lt;b&gt;Special notes:&lt;/b&gt;     Molex polarized connector foot print use with SKU : PRT-08232 with associated crimp pins and housings."/>
      <sheetpath names="/" tstamps="/"/>
      <tstamp>5E83AD13</tstamp>
    </comp>
    <comp ref="S5">
      <value>SWITCH-SPDT</value>
      <footprint>Switches:SWITCH_SPDT_PTH_11.6X4.0MM_KIT</footprint>
      <libsource lib="SparkFun-Switches" part="SWITCH-SPDT-PTH-11.6X4.0MM" description="Single Pole, Double Throw (SPDT) Switch Single-pole, double-throw (SPDT) switch. &lt;h4&gt;Variant Overview&lt;/h4&gt;&lt;h5&gt;SMD-AYZ0202&lt;/h5&gt;&lt;ul&gt;&lt;li&gt;&lt;a href=&quot;https://www.sparkfun.com/products/597&quot;&gt;Surface Mount DPDT Switch&lt;/a&gt; (COM-00597)&lt;/li&gt;&lt;li&gt;Used on e.g. &lt;a href=&quot;https://www.sparkfun.com/products/12049&quot;&gt;LilyPad Arduino USB - ATmega32U4 Board&lt;/a&gt;&lt;/ul&gt;&lt;h5&gt;PTH-11.6X4.0MM&lt;/h5&gt;&lt;ul&gt;&lt;li&gt;&lt;a href=&quot;https://www.sparkfun.com/products/102&quot;&gt;SPDT Mini Power Switch&lt;/a&gt; (COM-00102)&lt;/li&gt;&lt;li&gt;Used on e.g. &lt;a href=&quot;https://www.sparkfun.com/products/10547&quot;&gt;SparkFun Simon Says - Through-Hole Soldering Kit&lt;/a&gt; (KIT-10547)&lt;/li&gt;&lt;/ul&gt;&lt;h5&gt;PTH-11.6X4.0MM-KIT&lt;/h5&gt;&lt;ul&gt;&lt;li&gt;KIT version of SPDT Mini Power Switch - Simplifies soldering by removing tStop of switch pins - only one side can be soldered.&lt;/li&gt;&lt;/ul&gt;&lt;h5&gt;PTH-11.6X4.0MM-LOCK&lt;/h5&gt;&lt;ul&gt;&lt;li&gt;LOCK version of SPDT Mini Power Switch - Offset pins hold switch in place for easier soldering.&lt;/li&gt;&lt;/ul&gt;&lt;h5&gt;SMD-RIGHT-ANGLE&lt;/h5&gt;&lt;ul&gt;&lt;li&gt;&lt;a href=&quot;https://www.sparkfun.com/products/10860&quot;&gt;Surface Mount Right Angle Switch&lt;/a&gt; (COM-10860)&lt;/li&gt;&lt;li&gt;Used on e.g. &lt;a href=&quot;https://www.sparkfun.com/products/13231&quot;&gt;SparkFun ESP8266 Thing&lt;/a&gt;&lt;/li&gt;&lt;/ul&gt;"/>
      <sheetpath names="/" tstamps="/"/>
      <tstamp>5E843582</tstamp>
    </comp>
    <comp ref="J1">
      <value>CONN_02JST-PTH-2</value>
      <footprint>Connector_JST:JST_EH_B2B-EH-A_1x02_P2.50mm_Vertical</footprint>
      <libsource lib="SparkFun-Connectors" part="CONN_02JST-PTH-2" description="Multi connection point. Often used as Generic Header-pin footprint for 0.1 inch spaced/style header connections  &lt;b&gt;On any of the 0.1 inch spaced packages, you can populate with these:&lt;/b&gt;&lt;ul&gt;&lt;li&gt;&lt;a href=&quot;https://www.sparkfun.com/products/116&quot;&gt; Break Away Headers - Straight&lt;/a&gt; (PRT-00116)&lt;/li&gt;&lt;li&gt;&lt;a href=&quot;https://www.sparkfun.com/products/553&quot;&gt; Break Away Male Headers - Right Angle&lt;/a&gt; (PRT-00553)&lt;/li&gt;&lt;li&gt;&lt;a href=&quot;https://www.sparkfun.com/products/115&quot;&gt; Female Headers&lt;/a&gt; (PRT-00115)&lt;/li&gt;&lt;li&gt;&lt;a href=&quot;https://www.sparkfun.com/products/117&quot;&gt; Break Away Headers - Machine Pin&lt;/a&gt; (PRT-00117)&lt;/li&gt;&lt;li&gt;&lt;a href=&quot;https://www.sparkfun.com/products/743&quot;&gt; Break Away Female Headers - Swiss Machine Pin&lt;/a&gt; (PRT-00743)&lt;/li&gt;&lt;/ul&gt; &lt;b&gt; For SCREWTERMINALS and SPRING TERMINALS visit here:&lt;/b&gt;&lt;ul&gt;&lt;li&gt;&lt;a href=&quot;https://www.sparkfun.com/search/results?term=Screw+Terminals&quot;&gt; Screw Terimnals on SparkFun.com&lt;/a&gt; (5mm/3.5mm/2.54mm spacing)&lt;/li&gt;&lt;/ul&gt; &lt;b&gt;This device is also useful as a general connection point to wire up your design to another part of your project. Our various solder wires solder well into these plated through hole pads.&lt;/b&gt;&lt;ul&gt;&lt;li&gt;&lt;a href=&quot;https://www.sparkfun.com/products/11375&quot;&gt; Hook-Up Wire - Assortment (Stranded, 22 AWG)&lt;/a&gt; (PRT-11375)&lt;/li&gt;&lt;li&gt;&lt;a href=&quot;https://www.sparkfun.com/products/11367&quot;&gt; Hook-Up Wire - Assortment (Solid Core, 22 AWG)&lt;/a&gt; (PRT-11367)&lt;/li&gt;&lt;li&gt;&lt;a href=&quot;https://www.sparkfun.com/categories/141&quot;&gt; View the entire wire category on our website here&lt;/a&gt;&lt;/li&gt; &lt;/ul&gt; &lt;b&gt;Special notes:&lt;/b&gt; Molex polarized connector foot print use with: PRT-08233 with associated crimp pins and housings.&lt;br&gt;&lt;br&gt;2.54_SCREWTERM for use with  PRT-10571.&lt;br&gt;&lt;br&gt;3.5mm Screw Terminal footprints for  PRT-08084&lt;br&gt;&lt;br&gt;5mm Screw Terminal footprints for use with PRT-08432"/>
      <sheetpath names="/" tstamps="/"/>
      <tstamp>5E844E23</tstamp>
    </comp>
    <comp ref="U6">
      <value>V_REG_LD1117v3.3</value>
      <footprint>Package_TO_SOT_SMD:SOT-223</footprint>
      <libsource lib="Regulator_Linear" part="AZ1117-3.3" description="1A 20V Fixed LDO Linear Regulator, 3.3V, SOT-89/SOT-223/TO-220/TO-252/TO-263"/>
      <sheetpath names="/" tstamps="/"/>
      <tstamp>5E8658CA</tstamp>
    </comp>
    <comp ref="C8">
      <value>100nf</value>
      <footprint>Capacitors:0805</footprint>
      <datasheet>~</datasheet>
      <libsource lib="Device" part="C" description="Unpolarized capacitor"/>
      <sheetpath names="/" tstamps="/"/>
      <tstamp>5E87A5DC</tstamp>
    </comp>
    <comp ref="C10">
      <value>10nf</value>
      <footprint>Capacitors:0805</footprint>
      <datasheet>~</datasheet>
      <libsource lib="Device" part="C" description="Unpolarized capacitor"/>
      <sheetpath names="/" tstamps="/"/>
      <tstamp>5E87AD6A</tstamp>
    </comp>
    <comp ref="C6">
      <value>10UF</value>
      <footprint>Capacitors:EIA3216</footprint>
      <libsource lib="SparkFun-Capacitors" part="10UF-POLAR-EIA3216-16V-10%_TANT_" description="10.0uF polarized capacitors A capacitor is a passive two-terminal electrical component used to store electrical energy temporarily in an electric field."/>
      <sheetpath names="/" tstamps="/"/>
      <tstamp>5E87B07F</tstamp>
    </comp>
    <comp ref="C2">
      <value>10UF</value>
      <footprint>Capacitors:EIA3216</footprint>
      <libsource lib="SparkFun-Capacitors" part="10UF-POLAR-EIA3216-16V-10%_TANT_" description="10.0uF polarized capacitors A capacitor is a passive two-terminal electrical component used to store electrical energy temporarily in an electric field."/>
      <sheetpath names="/" tstamps="/"/>
      <tstamp>5E8306CC</tstamp>
    </comp>
    <comp ref="C4">
      <value>100nf</value>
      <footprint>Capacitors:0805</footprint>
      <datasheet>~</datasheet>
      <libsource lib="Device" part="C" description="Unpolarized capacitor"/>
      <sheetpath names="/" tstamps="/"/>
      <tstamp>5E830FBC</tstamp>
    </comp>
    <comp ref="S6">
      <value>SWITCH-SPST</value>
      <footprint>Connector_JST:JST_EH_B2B-EH-A_1x02_P2.50mm_Vertical</footprint>
      <libsource lib="SparkFun-Connectors" part="CONN_02JST-PTH-2-KIT" description="Multi connection point. Often used as Generic Header-pin footprint for 0.1 inch spaced/style header connections  &lt;b&gt;On any of the 0.1 inch spaced packages, you can populate with these:&lt;/b&gt;&lt;ul&gt;&lt;li&gt;&lt;a href=&quot;https://www.sparkfun.com/products/116&quot;&gt; Break Away Headers - Straight&lt;/a&gt; (PRT-00116)&lt;/li&gt;&lt;li&gt;&lt;a href=&quot;https://www.sparkfun.com/products/553&quot;&gt; Break Away Male Headers - Right Angle&lt;/a&gt; (PRT-00553)&lt;/li&gt;&lt;li&gt;&lt;a href=&quot;https://www.sparkfun.com/products/115&quot;&gt; Female Headers&lt;/a&gt; (PRT-00115)&lt;/li&gt;&lt;li&gt;&lt;a href=&quot;https://www.sparkfun.com/products/117&quot;&gt; Break Away Headers - Machine Pin&lt;/a&gt; (PRT-00117)&lt;/li&gt;&lt;li&gt;&lt;a href=&quot;https://www.sparkfun.com/products/743&quot;&gt; Break Away Female Headers - Swiss Machine Pin&lt;/a&gt; (PRT-00743)&lt;/li&gt;&lt;/ul&gt; &lt;b&gt; For SCREWTERMINALS and SPRING TERMINALS visit here:&lt;/b&gt;&lt;ul&gt;&lt;li&gt;&lt;a href=&quot;https://www.sparkfun.com/search/results?term=Screw+Terminals&quot;&gt; Screw Terimnals on SparkFun.com&lt;/a&gt; (5mm/3.5mm/2.54mm spacing)&lt;/li&gt;&lt;/ul&gt; &lt;b&gt;This device is also useful as a general connection point to wire up your design to another part of your project. Our various solder wires solder well into these plated through hole pads.&lt;/b&gt;&lt;ul&gt;&lt;li&gt;&lt;a href=&quot;https://www.sparkfun.com/products/11375&quot;&gt; Hook-Up Wire - Assortment (Stranded, 22 AWG)&lt;/a&gt; (PRT-11375)&lt;/li&gt;&lt;li&gt;&lt;a href=&quot;https://www.sparkfun.com/products/11367&quot;&gt; Hook-Up Wire - Assortment (Solid Core, 22 AWG)&lt;/a&gt; (PRT-11367)&lt;/li&gt;&lt;li&gt;&lt;a href=&quot;https://www.sparkfun.com/categories/141&quot;&gt; View the entire wire category on our website here&lt;/a&gt;&lt;/li&gt; &lt;/ul&gt; &lt;b&gt;Special notes:&lt;/b&gt; Molex polarized connector foot print use with: PRT-08233 with associated crimp pins and housings.&lt;br&gt;&lt;br&gt;2.54_SCREWTERM for use with  PRT-10571.&lt;br&gt;&lt;br&gt;3.5mm Screw Terminal footprints for  PRT-08084&lt;br&gt;&lt;br&gt;5mm Screw Terminal footprints for use with PRT-08432"/>
      <sheetpath names="/" tstamps="/"/>
      <tstamp>5E83D806</tstamp>
    </comp>
    <comp ref="U5">
      <value>V_REG_LD1117v3.3</value>
      <footprint>Package_TO_SOT_SMD:SOT-223</footprint>
      <libsource lib="Regulator_Linear" part="AMS1117-3.3" description="1A Low Dropout regulator, positive, 3.3V fixed output, SOT-223"/>
      <sheetpath names="/" tstamps="/"/>
      <tstamp>5E8571E0</tstamp>
    </comp>
    <comp ref="C7">
      <value>100nf</value>
      <footprint>Capacitors:0805</footprint>
      <datasheet>~</datasheet>
      <libsource lib="Device" part="C" description="Unpolarized capacitor"/>
      <sheetpath names="/" tstamps="/"/>
      <tstamp>5E8571ED</tstamp>
    </comp>
    <comp ref="C9">
      <value>10nf</value>
      <footprint>Capacitors:0805</footprint>
      <datasheet>~</datasheet>
      <libsource lib="Device" part="C" description="Unpolarized capacitor"/>
      <sheetpath names="/" tstamps="/"/>
      <tstamp>5E8571F7</tstamp>
    </comp>
    <comp ref="C5">
      <value>10UF</value>
      <footprint>Capacitors:EIA3216</footprint>
      <libsource lib="SparkFun-Capacitors" part="10UF-POLAR-EIA3216-16V-10%_TANT_" description="10.0uF polarized capacitors A capacitor is a passive two-terminal electrical component used to store electrical energy temporarily in an electric field."/>
      <sheetpath names="/" tstamps="/"/>
      <tstamp>5E857202</tstamp>
    </comp>
    <comp ref="C1">
      <value>10UF</value>
      <footprint>Capacitors:EIA3216</footprint>
      <libsource lib="SparkFun-Capacitors" part="10UF-POLAR-EIA3216-16V-10%_TANT_" description="10.0uF polarized capacitors A capacitor is a passive two-terminal electrical component used to store electrical energy temporarily in an electric field."/>
      <sheetpath names="/" tstamps="/"/>
      <tstamp>5E857235</tstamp>
    </comp>
    <comp ref="C3">
      <value>100nf</value>
      <footprint>Capacitors:0805</footprint>
      <datasheet>~</datasheet>
      <libsource lib="Device" part="C" description="Unpolarized capacitor"/>
      <sheetpath names="/" tstamps="/"/>
      <tstamp>5E85723F</tstamp>
    </comp>
    <comp ref="R2">
      <value>10k</value>
      <footprint>Resistors:0805</footprint>
      <datasheet>~</datasheet>
      <libsource lib="Device" part="R_US" description="Resistor, US symbol"/>
      <sheetpath names="/" tstamps="/"/>
      <tstamp>5E8C2253</tstamp>
    </comp>
    <comp ref="R3">
      <value>10k</value>
      <footprint>Resistors:0805</footprint>
      <datasheet>~</datasheet>
      <libsource lib="Device" part="R_US" description="Resistor, US symbol"/>
      <sheetpath names="/" tstamps="/"/>
      <tstamp>5E8CA20C</tstamp>
    </comp>
    <comp ref="BT1">
      <value>20MM_PTH</value>
      <footprint>Batteries:BATTCOM_20MM_PTH</footprint>
      <libsource lib="SparkFun-Batteries" part="BATTERY-20MM_PTH" description="Battery - Single Cell A variety of battery chemistries, sizes, and footprints. Device List:&lt;ul&gt;&lt;li&gt;&lt;b&gt;20MM_PTH - &lt;/b&gt; &lt;a href=&quot;https://www.sparkfun.com/products/783&quot;&gt;Coin Cell Battery Holder - 20mm (PTH)&lt;/a&gt;&lt;/li&gt;&lt;li&gt;&lt;b&gt;6.8MM_PTH - &lt;/b&gt; &lt;a href=&quot;https://www.digikey.com/product-detail/en/seiko-instruments/MS621FE-FL11E/728-1057-ND/1889208?WT.srch=1&amp;gclid=CNOQ5a6LzdQCFZS2wAodXCkE0g&quot;&gt;Coin Cell Battery Holder - 6.8MM(SMD)&lt;/a&gt;&lt;/li&gt;&lt;li&gt;&lt;b&gt;12MM_SMD - &lt;/b&gt; &lt;a href=&quot;https://www.sparkfun.com/products/10592&quot;&gt;Coin Cell Battery Holder - 12mm (SMD)&lt;/a&gt;&lt;/li&gt;&lt;li&gt;&lt;b&gt;12MM_PTH - &lt;/b&gt;&lt;a href=&quot;https://www.sparkfun.com/products/7948&quot;&gt;Coin Cell Battery Holder - 12mm (PTH)&lt;/a&gt;&lt;/li&gt;&lt;li&gt;&lt;b&gt;20MM_SMD - &lt;/b&gt; 20mm Coin Cell Battery Holder (SMD) (2 legs)&lt;/li&gt;&lt;ul&gt;&lt;li&gt;Used on the &lt;a href=&quot;https://www.sparkfun.com/products/11734&quot;&gt;Big Time Watch Kit&lt;/a&gt;&lt;/li&gt;&lt;/ul&gt;&lt;li&gt;&lt;b&gt;20MM_SMD_4LEGS - &lt;/b&gt; &lt;a href=&quot;https://www.sparkfun.com/products/11892&quot;&gt;Coin Cell Battery Holder - 20mm (SMD)&lt;/a&gt;&lt;/li&gt;&lt;li&gt;&lt;b&gt;20MM_SMD_4LEGS_OVERPASTE - &lt;/b&gt; &lt;a href=&quot;https://www.sparkfun.com/products/11892&quot;&gt;Coin Cell Battery Holder - 20mm (SMD)&lt;/a&gt; (Over-paste on the legs)&lt;/li&gt;&lt;li&gt;&lt;b&gt;24.5MM_PTH - &lt;/b&gt; &lt;a href=&quot;https://www.sparkfun.com/products/8863&quot;&gt;Coin Cell Battery Holder - 24.5mm (PTH)&lt;/a&gt;&lt;/li&gt;&lt;li&gt;&lt;b&gt;9V - &lt;/b&gt; 9V Battery Holder - PC Mount &lt;/li&gt;&lt;ul&gt;&lt;li&gt;Used on the &lt;a href=&quot;https://www.sparkfun.com/products/11177&quot;&gt;SparkFun SparkPunk Sound Kit &lt;/a&gt; and &lt;a href=&quot;https://www.sparkfun.com/products/12707&quot;&gt;SparkFun SparkPunk Sequencer Kit &lt;/a&gt;&lt;/li&gt;&lt;/ul&gt;&lt;li&gt;&lt;b&gt;18650 - &lt;/b&gt; &lt;a href=&quot;https://www.sparkfun.com/products/13113&quot;&gt;Battery Holder - 18650 (PTH)&lt;/a&gt;&lt;/li&gt;&lt;li&gt;&lt;b&gt;AA - &lt;/b&gt; &lt;a href=&quot;https://www.sparkfun.com/products/7949&quot;&gt;Battery Holder - 1xAA (PTH)&lt;/a&gt;&lt;/li&gt;&lt;li&gt;&lt;b&gt;AAA - &lt;/b&gt; &lt;a href=&quot;https://www.sparkfun.com/products/12718&quot;&gt;Battery Holder - 1xAAA (PTH)&lt;/a&gt;&lt;/li&gt;&lt;li&gt;&lt;b&gt;AA_KIT - &lt;/b&gt; &lt;a href=&quot;https://www.sparkfun.com/products/7949&quot;&gt;Battery Holder - 1xAA (PTH)&lt;/a&gt;&lt;/li&gt;&lt;ul&gt;&lt;li&gt;Special kit package - pads only have exposed copper on one side of the board.&lt;/li&gt;&lt;/ul&gt;&lt;li&gt;&lt;b&gt;AAA_KIT - &lt;/b&gt; &lt;a href=&quot;https://www.sparkfun.com/products/12718&quot;&gt;Battery Holder - 1xAAA (PTH)&lt;/a&gt;&lt;/li&gt;&lt;ul&gt;&lt;li&gt;Special kit package - pads only have exposed copper on one side of the board.&lt;/li&gt;&lt;/ul&gt;&lt;/ul&gt;"/>
      <sheetpath names="/" tstamps="/"/>
      <tstamp>5E8F3C90</tstamp>
    </comp>
    <comp ref="J3">
      <value>CONN_02JST-PTH-2</value>
      <footprint>Connector_JST:JST_EH_B2B-EH-A_1x02_P2.50mm_Vertical</footprint>
      <libsource lib="SparkFun-Connectors" part="CONN_02JST-PTH-2" description="Multi connection point. Often used as Generic Header-pin footprint for 0.1 inch spaced/style header connections  &lt;b&gt;On any of the 0.1 inch spaced packages, you can populate with these:&lt;/b&gt;&lt;ul&gt;&lt;li&gt;&lt;a href=&quot;https://www.sparkfun.com/products/116&quot;&gt; Break Away Headers - Straight&lt;/a&gt; (PRT-00116)&lt;/li&gt;&lt;li&gt;&lt;a href=&quot;https://www.sparkfun.com/products/553&quot;&gt; Break Away Male Headers - Right Angle&lt;/a&gt; (PRT-00553)&lt;/li&gt;&lt;li&gt;&lt;a href=&quot;https://www.sparkfun.com/products/115&quot;&gt; Female Headers&lt;/a&gt; (PRT-00115)&lt;/li&gt;&lt;li&gt;&lt;a href=&quot;https://www.sparkfun.com/products/117&quot;&gt; Break Away Headers - Machine Pin&lt;/a&gt; (PRT-00117)&lt;/li&gt;&lt;li&gt;&lt;a href=&quot;https://www.sparkfun.com/products/743&quot;&gt; Break Away Female Headers - Swiss Machine Pin&lt;/a&gt; (PRT-00743)&lt;/li&gt;&lt;/ul&gt; &lt;b&gt; For SCREWTERMINALS and SPRING TERMINALS visit here:&lt;/b&gt;&lt;ul&gt;&lt;li&gt;&lt;a href=&quot;https://www.sparkfun.com/search/results?term=Screw+Terminals&quot;&gt; Screw Terimnals on SparkFun.com&lt;/a&gt; (5mm/3.5mm/2.54mm spacing)&lt;/li&gt;&lt;/ul&gt; &lt;b&gt;This device is also useful as a general connection point to wire up your design to another part of your project. Our various solder wires solder well into these plated through hole pads.&lt;/b&gt;&lt;ul&gt;&lt;li&gt;&lt;a href=&quot;https://www.sparkfun.com/products/11375&quot;&gt; Hook-Up Wire - Assortment (Stranded, 22 AWG)&lt;/a&gt; (PRT-11375)&lt;/li&gt;&lt;li&gt;&lt;a href=&quot;https://www.sparkfun.com/products/11367&quot;&gt; Hook-Up Wire - Assortment (Solid Core, 22 AWG)&lt;/a&gt; (PRT-11367)&lt;/li&gt;&lt;li&gt;&lt;a href=&quot;https://www.sparkfun.com/categories/141&quot;&gt; View the entire wire category on our website here&lt;/a&gt;&lt;/li&gt; &lt;/ul&gt; &lt;b&gt;Special notes:&lt;/b&gt; Molex polarized connector foot print use with: PRT-08233 with associated crimp pins and housings.&lt;br&gt;&lt;br&gt;2.54_SCREWTERM for use with  PRT-10571.&lt;br&gt;&lt;br&gt;3.5mm Screw Terminal footprints for  PRT-08084&lt;br&gt;&lt;br&gt;5mm Screw Terminal footprints for use with PRT-08432"/>
      <sheetpath names="/" tstamps="/"/>
      <tstamp>5E95D98C</tstamp>
    </comp>
    <comp ref="U8">
      <value>LM35-D</value>
      <footprint>Package_TO_SOT_THT:TO-92</footprint>
      <datasheet>http://www.ti.com/lit/ds/symlink/lm35.pdf</datasheet>
      <libsource lib="Sensor_Temperature" part="LM35-D" description="Precision centigrade temperature sensor, SOIC-8"/>
      <sheetpath names="/" tstamps="/"/>
      <tstamp>5E97AABC</tstamp>
    </comp>
    <comp ref="R5">
      <value>470e</value>
      <footprint>Resistors:0805</footprint>
      <datasheet>~</datasheet>
      <libsource lib="Device" part="R_US" description="Resistor, US symbol"/>
      <sheetpath names="/" tstamps="/"/>
      <tstamp>5E9AB61B</tstamp>
    </comp>
    <comp ref="D3">
      <value>LED</value>
      <footprint>LED:LED_3MM</footprint>
      <datasheet>~</datasheet>
      <libsource lib="SparkFun-LED" part="LED3MM" description="&lt;b&gt;LED (Generic)&lt;/b&gt;Standard schematic elements and footprints for 5mm, 3mm, 1206, and 0603 sized LEDs. Generic LEDs with no color specified."/>
      <sheetpath names="/" tstamps="/"/>
      <tstamp>5E9AC39B</tstamp>
    </comp>
    <comp ref="R4">
      <value>470e</value>
      <footprint>Resistors:0805</footprint>
      <datasheet>~</datasheet>
      <libsource lib="Device" part="R_US" description="Resistor, US symbol"/>
      <sheetpath names="/" tstamps="/"/>
      <tstamp>5E9C26BD</tstamp>
    </comp>
    <comp ref="D2">
      <value>LED</value>
      <footprint>LED:LED_3MM</footprint>
      <datasheet>~</datasheet>
      <libsource lib="SparkFun-LED" part="LED3MM" description="&lt;b&gt;LED (Generic)&lt;/b&gt;Standard schematic elements and footprints for 5mm, 3mm, 1206, and 0603 sized LEDs. Generic LEDs with no color specified."/>
      <sheetpath names="/" tstamps="/"/>
      <tstamp>5E9C35EA</tstamp>
    </comp>
    <comp ref="LS1">
      <value>BUZZER-PTH</value>
      <footprint>Electromechanical:BUZZER-12MM-NS-KIT</footprint>
      <libsource lib="SparkFun-Electromechanical" part="BUZZER-PTH" description="Buzzer Small round buzzers that operate around the audible 2kHz range. You can use these as speakers to create simple music or user interfaces. Variant Overview:&lt;ul&gt;&lt;li&gt;&lt;b&gt;PTH - &lt;/b&gt; &lt;a href=&quot;https://www.sparkfun.com/products/7950&quot;&gt;Mini Speaker - PC Mount 12mm 2.048kHz&lt;/a&gt;&lt;/li&gt;&lt;li&gt;&lt;b&gt;PTH_KIT - &lt;/b&gt; &lt;a href=&quot;https://www.sparkfun.com/products/7950&quot;&gt;Mini Speaker - PC Mount 12mm 2.048kHz&lt;/a&gt;&lt;/li&gt;&lt;ul&gt;&lt;li&gt; KIT simplifies soldering by adding stop mask to one side of the pads.&lt;/li&gt;&lt;/ul&gt;&lt;li&gt;&lt;b&gt;PTH_NO_SILK - &lt;/b&gt; &lt;a href=&quot;https://www.sparkfun.com/products/7950&quot;&gt;Mini Speaker - PC Mount 12mm 2.048kHz&lt;/a&gt;&lt;/li&gt;&lt;ul&gt;&lt;li&gt; No silkscreen indicator of buzzer outline.&lt;/li&gt;&lt;/ul&gt;&lt;li&gt;&lt;b&gt;PTH_KIT_NO_SILK - &lt;/b&gt; &lt;a href=&quot;https://www.sparkfun.com/products/7950&quot;&gt;Mini Speaker - PC Mount 12mm 2.048kHz&lt;/a&gt;&lt;/li&gt;&lt;ul&gt;&lt;li&gt; KIT package w/o silkscreen&lt;/li&gt;&lt;/ul&gt;&lt;li&gt;&lt;b&gt;SMD - &lt;/b&gt; Buzzer Audio Magnetic (CCV-084B16)&lt;/li&gt; &lt;ul&gt;&lt;li&gt;SMD buzzer used on, e.g. the &lt;a href=&quot;https://www.sparkfun.com/products/8463&quot;&gt;LilyPad Buzzer&lt;/a&gt; and &lt;a href=&quot;https://www.sparkfun.com/products/9963&quot;&gt;RFID USB Reader&lt;/a&gt;.&lt;/li&gt;&lt;/ul&gt;&lt;li&gt;&lt;b&gt;SMD_KIT - &lt;/b&gt; Buzzer Audio Magnetic (CCV-084B16)&lt;/li&gt;&lt;ul&gt;&lt;li&gt;SMD Buzzer with elongated pins to make soldering easier. Used on the &lt;a href=&quot;https://www.sparkfun.com/products/10935&quot;&gt;SparkFun Simon Says - Surface Mount Soldering Kit&lt;/a&gt;.&lt;/li&gt;&lt;/ul&gt;&lt;/ul&gt;"/>
      <sheetpath names="/" tstamps="/"/>
      <tstamp>5E9EDE0D</tstamp>
    </comp>
    <comp ref="R8">
      <value>2k</value>
      <footprint>Resistors:0805</footprint>
      <datasheet>~</datasheet>
      <libsource lib="Device" part="R_US" description="Resistor, US symbol"/>
      <sheetpath names="/" tstamps="/"/>
      <tstamp>5EA0093F</tstamp>
    </comp>
    <comp ref="R9">
      <value>1k</value>
      <footprint>Resistors:0805</footprint>
      <datasheet>~</datasheet>
      <libsource lib="Device" part="R_US" description="Resistor, US symbol"/>
      <sheetpath names="/" tstamps="/"/>
      <tstamp>5EA02A00</tstamp>
    </comp>
    <comp ref="JP1">
      <value>Jumper</value>
      <footprint>Connector_PinHeader_2.54mm:PinHeader_1x02_P2.54mm_Vertical</footprint>
      <datasheet>~</datasheet>
      <libsource lib="Device" part="Jumper" description="Jumper, normally closed"/>
      <sheetpath names="/" tstamps="/"/>
      <tstamp>5EA7737B</tstamp>
    </comp>
    <comp ref="R7">
      <value>10k</value>
      <footprint>Resistors:0805</footprint>
      <datasheet>~</datasheet>
      <libsource lib="Device" part="R_US" description="Resistor, US symbol"/>
      <sheetpath names="/" tstamps="/"/>
      <tstamp>5EA786F6</tstamp>
    </comp>
    <comp ref="S8">
      <value>SWITCH-SPST</value>
      <footprint>Button_Switch_THT:SW_PUSH_6mm_H4.3mm</footprint>
      <libsource lib="SparkFun-Switches" part="MOMENTARY-SWITCH-SPST-2-PTH-RT-ANGLE" description=""/>
      <sheetpath names="/" tstamps="/"/>
      <tstamp>5EADE316</tstamp>
    </comp>
    <comp ref="R6">
      <value>10k</value>
      <footprint>Resistors:0805</footprint>
      <datasheet>~</datasheet>
      <libsource lib="Device" part="R_US" description="Resistor, US symbol"/>
      <sheetpath names="/" tstamps="/"/>
      <tstamp>5EAF6B69</tstamp>
    </comp>
    <comp ref="R1">
      <value>10k</value>
      <footprint>Resistors:0805</footprint>
      <datasheet>~</datasheet>
      <libsource lib="Device" part="R_US" description="Resistor, US symbol"/>
      <sheetpath names="/" tstamps="/"/>
      <tstamp>5EA2F31F</tstamp>
    </comp>
    <comp ref="S7">
      <value>SWITCH-SPST</value>
      <footprint>Button_Switch_THT:SW_PUSH_6mm_H4.3mm</footprint>
      <libsource lib="SparkFun-Switches" part="MOMENTARY-SWITCH-SPST-2-PTH-RT-ANGLE" description=""/>
      <sheetpath names="/" tstamps="/"/>
      <tstamp>5EB3D415</tstamp>
    </comp>
    <comp ref="B1">
      <value>ARDUINO_PRO_MINI</value>
      <footprint>Boards:ARDUINO_PRO_MINI</footprint>
      <fields>
        <field name="Field4">XXX-00000</field>
      </fields>
      <libsource lib="SparkFun-Boards" part="ARDUINO_PRO_MINI" description="SparkFun Pro Mini  Pro Mini compatible footprint. &lt;li&gt;&lt;b&gt;Dimensions:&lt;/b&gt; 0.7 x 1.3&quot;&lt;li&gt;&lt;b&gt;PCB Thickness:&lt;/b&gt; 0.8mm &lt;b&gt;SparkFun Products:&lt;/b&gt;&lt;ul&gt;&lt;li&gt;&lt;a href= https://www.sparkfun.com/products/11114 &gt;3.3V/8MHz&lt;/a&gt;&lt;/li&gt;&lt;li&gt;&lt;a href= https://www.sparkfun.com/products/11113 &gt;5V/16MHz&lt;/a&gt;&lt;/li&gt;&lt;/ul&gt;"/>
      <sheetpath names="/" tstamps="/"/>
      <tstamp>5EBCE3C7</tstamp>
    </comp>
    <comp ref="S1">
      <value>SWITCH-SPST</value>
      <footprint>Connector_JST:JST_EH_B2B-EH-A_1x02_P2.50mm_Vertical</footprint>
      <libsource lib="SparkFun-Connectors" part="CONN_02JST-PTH-2-KIT" description="Multi connection point. Often used as Generic Header-pin footprint for 0.1 inch spaced/style header connections  &lt;b&gt;On any of the 0.1 inch spaced packages, you can populate with these:&lt;/b&gt;&lt;ul&gt;&lt;li&gt;&lt;a href=&quot;https://www.sparkfun.com/products/116&quot;&gt; Break Away Headers - Straight&lt;/a&gt; (PRT-00116)&lt;/li&gt;&lt;li&gt;&lt;a href=&quot;https://www.sparkfun.com/products/553&quot;&gt; Break Away Male Headers - Right Angle&lt;/a&gt; (PRT-00553)&lt;/li&gt;&lt;li&gt;&lt;a href=&quot;https://www.sparkfun.com/products/115&quot;&gt; Female Headers&lt;/a&gt; (PRT-00115)&lt;/li&gt;&lt;li&gt;&lt;a href=&quot;https://www.sparkfun.com/products/117&quot;&gt; Break Away Headers - Machine Pin&lt;/a&gt; (PRT-00117)&lt;/li&gt;&lt;li&gt;&lt;a href=&quot;https://www.sparkfun.com/products/743&quot;&gt; Break Away Female Headers - Swiss Machine Pin&lt;/a&gt; (PRT-00743)&lt;/li&gt;&lt;/ul&gt; &lt;b&gt; For SCREWTERMINALS and SPRING TERMINALS visit here:&lt;/b&gt;&lt;ul&gt;&lt;li&gt;&lt;a href=&quot;https://www.sparkfun.com/search/results?term=Screw+Terminals&quot;&gt; Screw Terimnals on SparkFun.com&lt;/a&gt; (5mm/3.5mm/2.54mm spacing)&lt;/li&gt;&lt;/ul&gt; &lt;b&gt;This device is also useful as a general connection point to wire up your design to another part of your project. Our various solder wires solder well into these plated through hole pads.&lt;/b&gt;&lt;ul&gt;&lt;li&gt;&lt;a href=&quot;https://www.sparkfun.com/products/11375&quot;&gt; Hook-Up Wire - Assortment (Stranded, 22 AWG)&lt;/a&gt; (PRT-11375)&lt;/li&gt;&lt;li&gt;&lt;a href=&quot;https://www.sparkfun.com/products/11367&quot;&gt; Hook-Up Wire - Assortment (Solid Core, 22 AWG)&lt;/a&gt; (PRT-11367)&lt;/li&gt;&lt;li&gt;&lt;a href=&quot;https://www.sparkfun.com/categories/141&quot;&gt; View the entire wire category on our website here&lt;/a&gt;&lt;/li&gt; &lt;/ul&gt; &lt;b&gt;Special notes:&lt;/b&gt; Molex polarized connector foot print use with: PRT-08233 with associated crimp pins and housings.&lt;br&gt;&lt;br&gt;2.54_SCREWTERM for use with  PRT-10571.&lt;br&gt;&lt;br&gt;3.5mm Screw Terminal footprints for  PRT-08084&lt;br&gt;&lt;br&gt;5mm Screw Terminal footprints for use with PRT-08432"/>
      <sheetpath names="/" tstamps="/"/>
      <tstamp>5E825004</tstamp>
    </comp>
  </components>
  <libparts>
    <libpart lib="Device" part="C">
      <description>Unpolarized capacitor</description>
      <docs>~</docs>
      <footprints>
        <fp>C_*</fp>
      </footprints>
      <fields>
        <field name="Reference">C</field>
        <field name="Value">C</field>
      </fields>
      <pins>
        <pin num="1" name="~" type="passive"/>
        <pin num="2" name="~" type="passive"/>
      </pins>
    </libpart>
    <libpart lib="Device" part="Jumper">
      <description>Jumper, normally closed</description>
      <docs>~</docs>
      <footprints>
        <fp>SolderJumper*</fp>
      </footprints>
      <fields>
        <field name="Reference">JP</field>
        <field name="Value">Jumper</field>
      </fields>
      <pins>
        <pin num="1" name="1" type="passive"/>
        <pin num="2" name="2" type="passive"/>
      </pins>
    </libpart>
    <libpart lib="Device" part="R_US">
      <description>Resistor, US symbol</description>
      <docs>~</docs>
      <footprints>
        <fp>R_*</fp>
      </footprints>
      <fields>
        <field name="Reference">R</field>
        <field name="Value">R_US</field>
      </fields>
      <pins>
        <pin num="1" name="~" type="passive"/>
        <pin num="2" name="~" type="passive"/>
      </pins>
    </libpart>
    <libpart lib="ESP8266" part="ESP-01v090">
      <description>ESP8266 ESP-01 module, v090</description>
      <docs>http://l0l.org.uk/2014/12/esp8266-modules-hardware-guide-gotta-catch-em-all/</docs>
      <footprints>
        <fp>ESP-01*</fp>
      </footprints>
      <fields>
        <field name="Reference">U</field>
        <field name="Value">ESP-01v090</field>
      </fields>
      <pins>
        <pin num="1" name="UTXD" type="output"/>
        <pin num="2" name="GND" type="power_in"/>
        <pin num="3" name="CH_PD" type="input"/>
        <pin num="4" name="GPIO2" type="3state"/>
        <pin num="5" name="RST" type="input"/>
        <pin num="6" name="GPIO0" type="3state"/>
        <pin num="7" name="VCC" type="power_in"/>
        <pin num="8" name="URXD" type="input"/>
      </pins>
    </libpart>
    <libpart lib="OLED_128x64_I2C" part="OLED_I2C">
      <description>Two Wire 128x64 Oled</description>
      <fields>
        <field name="Reference">dis</field>
        <field name="Value">OLED_I2C</field>
      </fields>
      <pins>
        <pin num="1" name="vcc" type="power_in"/>
        <pin num="2" name="Gnd" type="power_in"/>
        <pin num="3" name="SCL" type="power_in"/>
        <pin num="4" name="SDA" type="BiDi"/>
      </pins>
    </libpart>
    <libpart lib="Regulator_Linear" part="AP1117-15">
      <aliases>
        <alias>AP1117-18</alias>
        <alias>AP1117-25</alias>
        <alias>AP1117-33</alias>
        <alias>AP1117-50</alias>
        <alias>LD1117S33TR_SOT223</alias>
        <alias>LD1117S12TR_SOT223</alias>
        <alias>LD1117S18TR_SOT223</alias>
        <alias>LD1117S25TR_SOT223</alias>
        <alias>LD1117S50TR_SOT223</alias>
        <alias>NCP1117-12_SOT223</alias>
        <alias>NCP1117-1.5_SOT223</alias>
        <alias>NCP1117-1.8_SOT223</alias>
        <alias>NCP1117-2.0_SOT223</alias>
        <alias>NCP1117-2.5_SOT223</alias>
        <alias>NCP1117-2.85_SOT223</alias>
        <alias>NCP1117-3.3_SOT223</alias>
        <alias>NCP1117-5.0_SOT223</alias>
        <alias>AMS1117-1.5</alias>
        <alias>AMS1117-1.8</alias>
        <alias>AMS1117-2.5</alias>
        <alias>AMS1117-2.85</alias>
        <alias>AMS1117-3.3</alias>
        <alias>AMS1117-5.0</alias>
      </aliases>
      <description>1A Low Dropout regulator, positive, 1.5V fixed output, SOT-223</description>
      <docs>http://www.diodes.com/datasheets/AP1117.pdf</docs>
      <footprints>
        <fp>SOT?223*TabPin2*</fp>
      </footprints>
      <fields>
        <field name="Reference">U</field>
        <field name="Value">AP1117-15</field>
        <field name="Footprint">Package_TO_SOT_SMD:SOT-223-3_TabPin2</field>
      </fields>
      <pins>
        <pin num="1" name="GND" type="power_in"/>
        <pin num="2" name="VO" type="power_out"/>
        <pin num="3" name="VI" type="power_in"/>
      </pins>
    </libpart>
    <libpart lib="Regulator_Linear" part="AZ1117-1.2">
      <aliases>
        <alias>AZ1117-1.5</alias>
        <alias>AZ1117-1.8</alias>
        <alias>AZ1117-2.5</alias>
        <alias>AZ1117-2.85</alias>
        <alias>AZ1117-3.3</alias>
        <alias>AZ1117-5.0</alias>
      </aliases>
      <description>1A 20V Fixed LDO Linear Regulator, 1.2V, SOT-89/SOT-223/TO-220/TO-252/TO-263</description>
      <docs>https://www.diodes.com/assets/Datasheets/AZ1117.pdf</docs>
      <footprints>
        <fp>SOT?223*</fp>
        <fp>SOT?89*</fp>
        <fp>TO?220*</fp>
        <fp>TO?252*</fp>
        <fp>TO?263*</fp>
      </footprints>
      <fields>
        <field name="Reference">U</field>
        <field name="Value">AZ1117-1.2</field>
      </fields>
      <pins>
        <pin num="1" name="GND" type="power_in"/>
        <pin num="2" name="VO" type="power_out"/>
        <pin num="3" name="VI" type="power_in"/>
      </pins>
    </libpart>
    <libpart lib="Sensor_Temperature" part="LM35-D">
      <description>Precision centigrade temperature sensor, SOIC-8</description>
      <docs>http://www.ti.com/lit/ds/symlink/lm35.pdf</docs>
      <footprints>
        <fp>SOIC*</fp>
      </footprints>
      <fields>
        <field name="Reference">U</field>
        <field name="Value">LM35-D</field>
        <field name="Footprint">Package_SO:SOIC-8_3.9x4.9mm_P1.27mm</field>
      </fields>
      <pins>
        <pin num="1" name="Vout" type="output"/>
        <pin num="2" name="NC" type="NotConnected"/>
        <pin num="3" name="NC" type="NotConnected"/>
        <pin num="4" name="GND" type="power_in"/>
        <pin num="5" name="NC" type="NotConnected"/>
        <pin num="6" name="NC" type="NotConnected"/>
        <pin num="7" name="NC" type="NotConnected"/>
        <pin num="8" name="+VS" type="power_in"/>
      </pins>
    </libpart>
    <libpart lib="SparkFun-Batteries" part="BATTERY-20MM_PTH">
      <description>Battery - Single Cell A variety of battery chemistries, sizes, and footprints. Device List:&lt;ul&gt;&lt;li&gt;&lt;b&gt;20MM_PTH - &lt;/b&gt; &lt;a href="https://www.sparkfun.com/products/783"&gt;Coin Cell Battery Holder - 20mm (PTH)&lt;/a&gt;&lt;/li&gt;&lt;li&gt;&lt;b&gt;6.8MM_PTH - &lt;/b&gt; &lt;a href="https://www.digikey.com/product-detail/en/seiko-instruments/MS621FE-FL11E/728-1057-ND/1889208?WT.srch=1&amp;gclid=CNOQ5a6LzdQCFZS2wAodXCkE0g"&gt;Coin Cell Battery Holder - 6.8MM(SMD)&lt;/a&gt;&lt;/li&gt;&lt;li&gt;&lt;b&gt;12MM_SMD - &lt;/b&gt; &lt;a href="https://www.sparkfun.com/products/10592"&gt;Coin Cell Battery Holder - 12mm (SMD)&lt;/a&gt;&lt;/li&gt;&lt;li&gt;&lt;b&gt;12MM_PTH - &lt;/b&gt;&lt;a href="https://www.sparkfun.com/products/7948"&gt;Coin Cell Battery Holder - 12mm (PTH)&lt;/a&gt;&lt;/li&gt;&lt;li&gt;&lt;b&gt;20MM_SMD - &lt;/b&gt; 20mm Coin Cell Battery Holder (SMD) (2 legs)&lt;/li&gt;&lt;ul&gt;&lt;li&gt;Used on the &lt;a href="https://www.sparkfun.com/products/11734"&gt;Big Time Watch Kit&lt;/a&gt;&lt;/li&gt;&lt;/ul&gt;&lt;li&gt;&lt;b&gt;20MM_SMD_4LEGS - &lt;/b&gt; &lt;a href="https://www.sparkfun.com/products/11892"&gt;Coin Cell Battery Holder - 20mm (SMD)&lt;/a&gt;&lt;/li&gt;&lt;li&gt;&lt;b&gt;20MM_SMD_4LEGS_OVERPASTE - &lt;/b&gt; &lt;a href="https://www.sparkfun.com/products/11892"&gt;Coin Cell Battery Holder - 20mm (SMD)&lt;/a&gt; (Over-paste on the legs)&lt;/li&gt;&lt;li&gt;&lt;b&gt;24.5MM_PTH - &lt;/b&gt; &lt;a href="https://www.sparkfun.com/products/8863"&gt;Coin Cell Battery Holder - 24.5mm (PTH)&lt;/a&gt;&lt;/li&gt;&lt;li&gt;&lt;b&gt;9V - &lt;/b&gt; 9V Battery Holder - PC Mount &lt;/li&gt;&lt;ul&gt;&lt;li&gt;Used on the &lt;a href="https://www.sparkfun.com/products/11177"&gt;SparkFun SparkPunk Sound Kit &lt;/a&gt; and &lt;a href="https://www.sparkfun.com/products/12707"&gt;SparkFun SparkPunk Sequencer Kit &lt;/a&gt;&lt;/li&gt;&lt;/ul&gt;&lt;li&gt;&lt;b&gt;18650 - &lt;/b&gt; &lt;a href="https://www.sparkfun.com/products/13113"&gt;Battery Holder - 18650 (PTH)&lt;/a&gt;&lt;/li&gt;&lt;li&gt;&lt;b&gt;AA - &lt;/b&gt; &lt;a href="https://www.sparkfun.com/products/7949"&gt;Battery Holder - 1xAA (PTH)&lt;/a&gt;&lt;/li&gt;&lt;li&gt;&lt;b&gt;AAA - &lt;/b&gt; &lt;a href="https://www.sparkfun.com/products/12718"&gt;Battery Holder - 1xAAA (PTH)&lt;/a&gt;&lt;/li&gt;&lt;li&gt;&lt;b&gt;AA_KIT - &lt;/b&gt; &lt;a href="https://www.sparkfun.com/products/7949"&gt;Battery Holder - 1xAA (PTH)&lt;/a&gt;&lt;/li&gt;&lt;ul&gt;&lt;li&gt;Special kit package - pads only have exposed copper on one side of the board.&lt;/li&gt;&lt;/ul&gt;&lt;li&gt;&lt;b&gt;AAA_KIT - &lt;/b&gt; &lt;a href="https://www.sparkfun.com/products/12718"&gt;Battery Holder - 1xAAA (PTH)&lt;/a&gt;&lt;/li&gt;&lt;ul&gt;&lt;li&gt;Special kit package - pads only have exposed copper on one side of the board.&lt;/li&gt;&lt;/ul&gt;&lt;/ul&gt;</description>
      <footprints>
        <fp>*BATTCOM_20MM_PTH*</fp>
        <fp>*BATTCON_20MM*</fp>
        <fp>*BATTCON_20MM_4LEGS_OVERPASTE*</fp>
      </footprints>
      <fields>
        <field name="Reference">BT</field>
        <field name="Value">BATTERY-20MM_PTH</field>
        <field name="Footprint">BATTCOM_20MM_PTH</field>
        <field name="Field4">BATT-09031</field>
      </fields>
      <pins>
        <pin num="1" name="+" type="power_in"/>
        <pin num="2" name="-" type="power_in"/>
      </pins>
    </libpart>
    <libpart lib="SparkFun-Boards" part="ARDUINO_PRO_MINI">
      <description>SparkFun Pro Mini  Pro Mini compatible footprint. &lt;li&gt;&lt;b&gt;Dimensions:&lt;/b&gt; 0.7 x 1.3"&lt;li&gt;&lt;b&gt;PCB Thickness:&lt;/b&gt; 0.8mm &lt;b&gt;SparkFun Products:&lt;/b&gt;&lt;ul&gt;&lt;li&gt;&lt;a href= https://www.sparkfun.com/products/11114 &gt;3.3V/8MHz&lt;/a&gt;&lt;/li&gt;&lt;li&gt;&lt;a href= https://www.sparkfun.com/products/11113 &gt;5V/16MHz&lt;/a&gt;&lt;/li&gt;&lt;/ul&gt;</description>
      <footprints>
        <fp>*ARDUINO_PRO_MINI*</fp>
      </footprints>
      <fields>
        <field name="Reference">B</field>
        <field name="Value">ARDUINO_PRO_MINI</field>
        <field name="Footprint">ARDUINO_PRO_MINI</field>
        <field name="Field4">XXX-00000</field>
      </fields>
      <pins>
        <pin num="1" name="TXO" type="BiDi"/>
        <pin num="2" name="RXI" type="BiDi"/>
        <pin num="3" name="RST" type="BiDi"/>
        <pin num="4" name="GND" type="power_in"/>
        <pin num="5" name="2" type="BiDi"/>
        <pin num="6" name="*3" type="BiDi"/>
        <pin num="7" name="4" type="BiDi"/>
        <pin num="8" name="*5" type="BiDi"/>
        <pin num="9" name="*6" type="BiDi"/>
        <pin num="10" name="7" type="BiDi"/>
        <pin num="11" name="8" type="BiDi"/>
        <pin num="12" name="*9" type="BiDi"/>
        <pin num="13" name="*10" type="BiDi"/>
        <pin num="14" name="*11" type="BiDi"/>
        <pin num="15" name="12" type="BiDi"/>
        <pin num="16" name="13" type="BiDi"/>
        <pin num="17" name="A0" type="BiDi"/>
        <pin num="18" name="A1" type="BiDi"/>
        <pin num="19" name="A2" type="BiDi"/>
        <pin num="20" name="A3" type="BiDi"/>
        <pin num="21" name="VCC" type="power_in"/>
        <pin num="22" name="RST" type="BiDi"/>
        <pin num="23" name="GND" type="power_in"/>
        <pin num="24" name="RAW" type="power_in"/>
        <pin num="A4" name="A4" type="BiDi"/>
        <pin num="A5" name="A5" type="BiDi"/>
        <pin num="A6" name="A6" type="BiDi"/>
        <pin num="A7" name="A7" type="BiDi"/>
      </pins>
    </libpart>
    <libpart lib="SparkFun-Capacitors" part="10UF-POLAR-EIA3216-16V-10%_TANT_">
      <description>10.0uF polarized capacitors A capacitor is a passive two-terminal electrical component used to store electrical energy temporarily in an electric field.</description>
      <footprints>
        <fp>*EIA3216*</fp>
      </footprints>
      <fields>
        <field name="Reference">C</field>
        <field name="Value">10UF-POLAR-EIA3216-16V-10%_TANT_</field>
        <field name="Footprint">EIA3216</field>
        <field name="Field4">CAP-00811</field>
      </fields>
      <pins>
        <pin num="+" name="+" type="passive"/>
        <pin num="-" name="-" type="passive"/>
      </pins>
    </libpart>
    <libpart lib="SparkFun-Connectors" part="CONN_02JST-PTH-2">
      <description>Multi connection point. Often used as Generic Header-pin footprint for 0.1 inch spaced/style header connections  &lt;b&gt;On any of the 0.1 inch spaced packages, you can populate with these:&lt;/b&gt;&lt;ul&gt;&lt;li&gt;&lt;a href="https://www.sparkfun.com/products/116"&gt; Break Away Headers - Straight&lt;/a&gt; (PRT-00116)&lt;/li&gt;&lt;li&gt;&lt;a href="https://www.sparkfun.com/products/553"&gt; Break Away Male Headers - Right Angle&lt;/a&gt; (PRT-00553)&lt;/li&gt;&lt;li&gt;&lt;a href="https://www.sparkfun.com/products/115"&gt; Female Headers&lt;/a&gt; (PRT-00115)&lt;/li&gt;&lt;li&gt;&lt;a href="https://www.sparkfun.com/products/117"&gt; Break Away Headers - Machine Pin&lt;/a&gt; (PRT-00117)&lt;/li&gt;&lt;li&gt;&lt;a href="https://www.sparkfun.com/products/743"&gt; Break Away Female Headers - Swiss Machine Pin&lt;/a&gt; (PRT-00743)&lt;/li&gt;&lt;/ul&gt; &lt;b&gt; For SCREWTERMINALS and SPRING TERMINALS visit here:&lt;/b&gt;&lt;ul&gt;&lt;li&gt;&lt;a href="https://www.sparkfun.com/search/results?term=Screw+Terminals"&gt; Screw Terimnals on SparkFun.com&lt;/a&gt; (5mm/3.5mm/2.54mm spacing)&lt;/li&gt;&lt;/ul&gt; &lt;b&gt;This device is also useful as a general connection point to wire up your design to another part of your project. Our various solder wires solder well into these plated through hole pads.&lt;/b&gt;&lt;ul&gt;&lt;li&gt;&lt;a href="https://www.sparkfun.com/products/11375"&gt; Hook-Up Wire - Assortment (Stranded, 22 AWG)&lt;/a&gt; (PRT-11375)&lt;/li&gt;&lt;li&gt;&lt;a href="https://www.sparkfun.com/products/11367"&gt; Hook-Up Wire - Assortment (Solid Core, 22 AWG)&lt;/a&gt; (PRT-11367)&lt;/li&gt;&lt;li&gt;&lt;a href="https://www.sparkfun.com/categories/141"&gt; View the entire wire category on our website here&lt;/a&gt;&lt;/li&gt; &lt;/ul&gt; &lt;b&gt;Special notes:&lt;/b&gt; Molex polarized connector foot print use with: PRT-08233 with associated crimp pins and housings.&lt;br&gt;&lt;br&gt;2.54_SCREWTERM for use with  PRT-10571.&lt;br&gt;&lt;br&gt;3.5mm Screw Terminal footprints for  PRT-08084&lt;br&gt;&lt;br&gt;5mm Screw Terminal footprints for use with PRT-08432</description>
      <footprints>
        <fp>*JST-2-PTH*</fp>
      </footprints>
      <fields>
        <field name="Reference">J</field>
        <field name="Value">CONN_02JST-PTH-2</field>
        <field name="Footprint">JST-2-PTH</field>
        <field name="Field4">CONN-09863</field>
      </fields>
      <pins>
        <pin num="1" name="1" type="passive"/>
        <pin num="2" name="2" type="passive"/>
      </pins>
    </libpart>
    <libpart lib="SparkFun-Connectors" part="CONN_02JST-PTH-2-KIT">
      <description>Multi connection point. Often used as Generic Header-pin footprint for 0.1 inch spaced/style header connections  &lt;b&gt;On any of the 0.1 inch spaced packages, you can populate with these:&lt;/b&gt;&lt;ul&gt;&lt;li&gt;&lt;a href="https://www.sparkfun.com/products/116"&gt; Break Away Headers - Straight&lt;/a&gt; (PRT-00116)&lt;/li&gt;&lt;li&gt;&lt;a href="https://www.sparkfun.com/products/553"&gt; Break Away Male Headers - Right Angle&lt;/a&gt; (PRT-00553)&lt;/li&gt;&lt;li&gt;&lt;a href="https://www.sparkfun.com/products/115"&gt; Female Headers&lt;/a&gt; (PRT-00115)&lt;/li&gt;&lt;li&gt;&lt;a href="https://www.sparkfun.com/products/117"&gt; Break Away Headers - Machine Pin&lt;/a&gt; (PRT-00117)&lt;/li&gt;&lt;li&gt;&lt;a href="https://www.sparkfun.com/products/743"&gt; Break Away Female Headers - Swiss Machine Pin&lt;/a&gt; (PRT-00743)&lt;/li&gt;&lt;/ul&gt; &lt;b&gt; For SCREWTERMINALS and SPRING TERMINALS visit here:&lt;/b&gt;&lt;ul&gt;&lt;li&gt;&lt;a href="https://www.sparkfun.com/search/results?term=Screw+Terminals"&gt; Screw Terimnals on SparkFun.com&lt;/a&gt; (5mm/3.5mm/2.54mm spacing)&lt;/li&gt;&lt;/ul&gt; &lt;b&gt;This device is also useful as a general connection point to wire up your design to another part of your project. Our various solder wires solder well into these plated through hole pads.&lt;/b&gt;&lt;ul&gt;&lt;li&gt;&lt;a href="https://www.sparkfun.com/products/11375"&gt; Hook-Up Wire - Assortment (Stranded, 22 AWG)&lt;/a&gt; (PRT-11375)&lt;/li&gt;&lt;li&gt;&lt;a href="https://www.sparkfun.com/products/11367"&gt; Hook-Up Wire - Assortment (Solid Core, 22 AWG)&lt;/a&gt; (PRT-11367)&lt;/li&gt;&lt;li&gt;&lt;a href="https://www.sparkfun.com/categories/141"&gt; View the entire wire category on our website here&lt;/a&gt;&lt;/li&gt; &lt;/ul&gt; &lt;b&gt;Special notes:&lt;/b&gt; Molex polarized connector foot print use with: PRT-08233 with associated crimp pins and housings.&lt;br&gt;&lt;br&gt;2.54_SCREWTERM for use with  PRT-10571.&lt;br&gt;&lt;br&gt;3.5mm Screw Terminal footprints for  PRT-08084&lt;br&gt;&lt;br&gt;5mm Screw Terminal footprints for use with PRT-08432</description>
      <footprints>
        <fp>*JST-2-PTH-KIT*</fp>
      </footprints>
      <fields>
        <field name="Reference">J</field>
        <field name="Value">CONN_02JST-PTH-2-KIT</field>
        <field name="Footprint">JST-2-PTH-KIT</field>
        <field name="Field4">XXX-00000</field>
      </fields>
      <pins>
        <pin num="1" name="1" type="passive"/>
        <pin num="2" name="2" type="passive"/>
      </pins>
    </libpart>
    <libpart lib="SparkFun-Connectors" part="CONN_03JST-PTH">
      <description>Multi connection point. Often used as Generic Header-pin footprint for 0.1 inch spaced/style header connections  &lt;b&gt;On any of the 0.1 inch spaced packages, you can populate with these:&lt;/b&gt;&lt;ul&gt;&lt;li&gt;&lt;a href="https://www.sparkfun.com/products/116"&gt; Break Away Headers - Straight&lt;/a&gt; (PRT-00116)&lt;/li&gt;&lt;li&gt;&lt;a href="https://www.sparkfun.com/products/553"&gt; Break Away Male Headers - Right Angle&lt;/a&gt; (PRT-00553)&lt;/li&gt;&lt;li&gt;&lt;a href="https://www.sparkfun.com/products/115"&gt; Female Headers&lt;/a&gt; (PRT-00115)&lt;/li&gt;&lt;li&gt;&lt;a href="https://www.sparkfun.com/products/117"&gt; Break Away Headers - Machine Pin&lt;/a&gt; (PRT-00117)&lt;/li&gt;&lt;li&gt;&lt;a href="https://www.sparkfun.com/products/743"&gt; Break Away Female Headers - Swiss Machine Pin&lt;/a&gt; (PRT-00743)&lt;/li&gt;&lt;li&gt;&lt;a href="https://www.sparkfun.com/products/13875"&gt; Stackable Header - 3 Pin (Female, 0.1")&lt;/a&gt; (PRT-13875)&lt;/li&gt;&lt;/ul&gt; &lt;b&gt; For SCREWTERMINALS and SPRING TERMINALS visit here:&lt;/b&gt;&lt;ul&gt;&lt;li&gt;&lt;a href="https://www.sparkfun.com/search/results?term=Screw+Terminals"&gt; Screw Terimnals on SparkFun.com&lt;/a&gt; (5mm/3.5mm/2.54mm spacing)&lt;/li&gt;&lt;/ul&gt; &lt;b&gt;This device is also useful as a general connection point to wire up your design to another part of your project. Our various solder wires solder well into these plated through hole pads.&lt;/b&gt;&lt;ul&gt;&lt;li&gt;&lt;a href="https://www.sparkfun.com/products/11375"&gt; Hook-Up Wire - Assortment (Stranded, 22 AWG)&lt;/a&gt; (PRT-11375)&lt;/li&gt;&lt;li&gt;&lt;a href="https://www.sparkfun.com/products/11367"&gt; Hook-Up Wire - Assortment (Solid Core, 22 AWG)&lt;/a&gt; (PRT-11367)&lt;/li&gt;&lt;li&gt;&lt;a href="https://www.sparkfun.com/categories/141"&gt; View the entire wire category on our website here&lt;/a&gt;&lt;/li&gt; &lt;/ul&gt; &lt;b&gt;Special notes:&lt;/b&gt;     Molex polarized connector foot print use with SKU : PRT-08232 with associated crimp pins and housings.</description>
      <footprints>
        <fp>*JST-3-PTH*</fp>
      </footprints>
      <fields>
        <field name="Reference">J</field>
        <field name="Value">CONN_03JST-PTH</field>
        <field name="Footprint">JST-3-PTH</field>
        <field name="Field4">WIRE-10037</field>
      </fields>
      <pins>
        <pin num="1" name="1" type="passive"/>
        <pin num="2" name="2" type="passive"/>
        <pin num="3" name="3" type="passive"/>
      </pins>
    </libpart>
    <libpart lib="SparkFun-Electromechanical" part="BUZZER-PTH">
      <description>Buzzer Small round buzzers that operate around the audible 2kHz range. You can use these as speakers to create simple music or user interfaces. Variant Overview:&lt;ul&gt;&lt;li&gt;&lt;b&gt;PTH - &lt;/b&gt; &lt;a href="https://www.sparkfun.com/products/7950"&gt;Mini Speaker - PC Mount 12mm 2.048kHz&lt;/a&gt;&lt;/li&gt;&lt;li&gt;&lt;b&gt;PTH_KIT - &lt;/b&gt; &lt;a href="https://www.sparkfun.com/products/7950"&gt;Mini Speaker - PC Mount 12mm 2.048kHz&lt;/a&gt;&lt;/li&gt;&lt;ul&gt;&lt;li&gt; KIT simplifies soldering by adding stop mask to one side of the pads.&lt;/li&gt;&lt;/ul&gt;&lt;li&gt;&lt;b&gt;PTH_NO_SILK - &lt;/b&gt; &lt;a href="https://www.sparkfun.com/products/7950"&gt;Mini Speaker - PC Mount 12mm 2.048kHz&lt;/a&gt;&lt;/li&gt;&lt;ul&gt;&lt;li&gt; No silkscreen indicator of buzzer outline.&lt;/li&gt;&lt;/ul&gt;&lt;li&gt;&lt;b&gt;PTH_KIT_NO_SILK - &lt;/b&gt; &lt;a href="https://www.sparkfun.com/products/7950"&gt;Mini Speaker - PC Mount 12mm 2.048kHz&lt;/a&gt;&lt;/li&gt;&lt;ul&gt;&lt;li&gt; KIT package w/o silkscreen&lt;/li&gt;&lt;/ul&gt;&lt;li&gt;&lt;b&gt;SMD - &lt;/b&gt; Buzzer Audio Magnetic (CCV-084B16)&lt;/li&gt; &lt;ul&gt;&lt;li&gt;SMD buzzer used on, e.g. the &lt;a href="https://www.sparkfun.com/products/8463"&gt;LilyPad Buzzer&lt;/a&gt; and &lt;a href="https://www.sparkfun.com/products/9963"&gt;RFID USB Reader&lt;/a&gt;.&lt;/li&gt;&lt;/ul&gt;&lt;li&gt;&lt;b&gt;SMD_KIT - &lt;/b&gt; Buzzer Audio Magnetic (CCV-084B16)&lt;/li&gt;&lt;ul&gt;&lt;li&gt;SMD Buzzer with elongated pins to make soldering easier. Used on the &lt;a href="https://www.sparkfun.com/products/10935"&gt;SparkFun Simon Says - Surface Mount Soldering Kit&lt;/a&gt;.&lt;/li&gt;&lt;/ul&gt;&lt;/ul&gt;</description>
      <footprints>
        <fp>*BUZZER-12MM*</fp>
        <fp>*BUZZER-12MM-KIT*</fp>
        <fp>*BUZZER-12MM-NS-KIT*</fp>
        <fp>*BUZZER-12MM-NS*</fp>
        <fp>*BUZZER-CCV*</fp>
        <fp>*BUZZER-CCV-KIT*</fp>
      </footprints>
      <fields>
        <field name="Reference">LS</field>
        <field name="Value">BUZZER-PTH</field>
        <field name="Footprint">BUZZER-12MM</field>
        <field name="Field4">COMP-08253</field>
      </fields>
      <pins>
        <pin num="+" name="1" type="passive"/>
        <pin num="-" name="2" type="passive"/>
      </pins>
    </libpart>
    <libpart lib="SparkFun-LED" part="LED3MM">
      <description>&lt;b&gt;LED (Generic)&lt;/b&gt;Standard schematic elements and footprints for 5mm, 3mm, 1206, and 0603 sized LEDs. Generic LEDs with no color specified.</description>
      <footprints>
        <fp>*LED_3MM*</fp>
        <fp>*LED_5MM*</fp>
        <fp>*LED_5MM-KIT*</fp>
      </footprints>
      <fields>
        <field name="Reference">D</field>
        <field name="Value">LED3MM</field>
        <field name="Footprint">LED_3MM</field>
        <field name="Field4">DIO-08794</field>
      </fields>
      <pins>
        <pin num="A" name="A" type="passive"/>
        <pin num="K" name="C" type="passive"/>
      </pins>
    </libpart>
    <libpart lib="SparkFun-Sensors" part="MLX90614">
      <description>Melexis MLX90614 Infrared (IR) Thermometer The MLX90614 is a passive infrared (PIR) I&lt;sup&gt;2&lt;/sup&gt;C temperature sensor.It is designed for non-contact temperature sensing. An internal 17-bit ADC and a powerful DSP contribute to the MLX90614 s high accuracy and resolution. It has a huge number of applications including body temperature measurment and movement detection. &lt;a href="http://www.sparkfun.com/datasheets/Sensors/Temperature/SEN-09570-datasheet-3901090614M005.pdf"&gt;Datasheet&lt;/a&gt; &lt;h4&gt;SparkFun Products&lt;/h4&gt;&lt;ul&gt;&lt;li&gt;&lt;a href="https://www.sparkfun.com/products/9570"&gt;Infrared Thermometer - MLX90614&lt;/a&gt; (SEN-09570)&lt;/li&gt;&lt;li&gt;&lt;a href="https://www.sparkfun.com/products/10740"&gt;SparkFun IR Thermometer Evaluation Board - MLX90614 &lt;/a&gt; (SEN-10740)&lt;/li&gt;&lt;/ul&gt;</description>
      <footprints>
        <fp>*TO-39*</fp>
      </footprints>
      <fields>
        <field name="Reference">U</field>
        <field name="Value">MLX90614</field>
        <field name="Footprint">TO-39</field>
        <field name="Field4">COMP-09719</field>
      </fields>
      <pins>
        <pin num="1" name="SCL/VZ" type="BiDi"/>
        <pin num="2" name="PWM/SDA" type="BiDi"/>
        <pin num="3" name="VDD" type="BiDi"/>
        <pin num="4" name="VSS" type="BiDi"/>
      </pins>
    </libpart>
    <libpart lib="SparkFun-Switches" part="MOMENTARY-SWITCH-SPST-2-PTH-RT-ANGLE">
      <fields>
        <field name="Reference">S</field>
        <field name="Value">MOMENTARY-SWITCH-SPST-2-PTH-RT-ANGLE</field>
        <field name="Footprint">Switches:TACTILE_SWITCH_PTH_RIGHT_ANGLE_KIT</field>
        <field name="Field4">CONN-13896</field>
      </fields>
      <pins>
        <pin num="1" name="1" type="passive"/>
        <pin num="2" name="2" type="passive"/>
        <pin num="3" name="3" type="passive"/>
        <pin num="4" name="4" type="passive"/>
      </pins>
    </libpart>
    <libpart lib="SparkFun-Switches" part="SWITCH-SPDT-PTH-11.6X4.0MM">
      <description>Single Pole, Double Throw (SPDT) Switch Single-pole, double-throw (SPDT) switch. &lt;h4&gt;Variant Overview&lt;/h4&gt;&lt;h5&gt;SMD-AYZ0202&lt;/h5&gt;&lt;ul&gt;&lt;li&gt;&lt;a href="https://www.sparkfun.com/products/597"&gt;Surface Mount DPDT Switch&lt;/a&gt; (COM-00597)&lt;/li&gt;&lt;li&gt;Used on e.g. &lt;a href="https://www.sparkfun.com/products/12049"&gt;LilyPad Arduino USB - ATmega32U4 Board&lt;/a&gt;&lt;/ul&gt;&lt;h5&gt;PTH-11.6X4.0MM&lt;/h5&gt;&lt;ul&gt;&lt;li&gt;&lt;a href="https://www.sparkfun.com/products/102"&gt;SPDT Mini Power Switch&lt;/a&gt; (COM-00102)&lt;/li&gt;&lt;li&gt;Used on e.g. &lt;a href="https://www.sparkfun.com/products/10547"&gt;SparkFun Simon Says - Through-Hole Soldering Kit&lt;/a&gt; (KIT-10547)&lt;/li&gt;&lt;/ul&gt;&lt;h5&gt;PTH-11.6X4.0MM-KIT&lt;/h5&gt;&lt;ul&gt;&lt;li&gt;KIT version of SPDT Mini Power Switch - Simplifies soldering by removing tStop of switch pins - only one side can be soldered.&lt;/li&gt;&lt;/ul&gt;&lt;h5&gt;PTH-11.6X4.0MM-LOCK&lt;/h5&gt;&lt;ul&gt;&lt;li&gt;LOCK version of SPDT Mini Power Switch - Offset pins hold switch in place for easier soldering.&lt;/li&gt;&lt;/ul&gt;&lt;h5&gt;SMD-RIGHT-ANGLE&lt;/h5&gt;&lt;ul&gt;&lt;li&gt;&lt;a href="https://www.sparkfun.com/products/10860"&gt;Surface Mount Right Angle Switch&lt;/a&gt; (COM-10860)&lt;/li&gt;&lt;li&gt;Used on e.g. &lt;a href="https://www.sparkfun.com/products/13231"&gt;SparkFun ESP8266 Thing&lt;/a&gt;&lt;/li&gt;&lt;/ul&gt;</description>
      <footprints>
        <fp>*SWITCH_SPDT_PTH_11.6X4.0MM*</fp>
        <fp>*SWITCH_SPDT_PTH_11.6X4.0MM_KIT*</fp>
        <fp>*SWITCH_SPDT_PTH_11.6X4.0MM_LOCK*</fp>
        <fp>*SWITCH_DPDT_SMD_AYZ0202*</fp>
        <fp>*SWITCH_SPST_SMD_A*</fp>
      </footprints>
      <fields>
        <field name="Reference">S</field>
        <field name="Value">SWITCH-SPDT-PTH-11.6X4.0MM</field>
        <field name="Footprint">SWITCH_SPDT_PTH_11.6X4.0MM</field>
        <field name="Field4">SWCH-08261</field>
      </fields>
      <pins>
        <pin num="1" name="O" type="passive"/>
        <pin num="2" name="P" type="passive"/>
        <pin num="3" name="S" type="passive"/>
      </pins>
    </libpart>
    <libpart lib="Timer_RTC" part="DS3231M">
      <description>Extremely Accurate I2C-Integrated RTC/TCXO/Crystal SOIC-16</description>
      <docs>http://datasheets.maximintegrated.com/en/ds/DS3231.pdf</docs>
      <footprints>
        <fp>SOIC*7.5x10.3mm*P1.27mm*</fp>
      </footprints>
      <fields>
        <field name="Reference">U</field>
        <field name="Value">DS3231M</field>
        <field name="Footprint">Package_SO:SOIC-16W_7.5x10.3mm_P1.27mm</field>
      </fields>
      <pins>
        <pin num="1" name="32KHZ" type="openCol"/>
        <pin num="2" name="VCC" type="power_in"/>
        <pin num="3" name="~INT~/SQW" type="openCol"/>
        <pin num="4" name="~RST" type="BiDi"/>
        <pin num="5" name="GND" type="passive"/>
        <pin num="6" name="GND" type="passive"/>
        <pin num="7" name="GND" type="passive"/>
        <pin num="8" name="GND" type="passive"/>
        <pin num="9" name="GND" type="passive"/>
        <pin num="10" name="GND" type="passive"/>
        <pin num="11" name="GND" type="passive"/>
        <pin num="12" name="GND" type="passive"/>
        <pin num="13" name="GND" type="power_in"/>
        <pin num="14" name="VBAT" type="power_in"/>
        <pin num="15" name="SDA" type="BiDi"/>
        <pin num="16" name="SCL" type="input"/>
      </pins>
    </libpart>
  </libparts>
  <libraries>
    <library logical="Device">
      <uri>C:\Program Files\KiCad\share\kicad\library/Device.lib</uri>
    </library>
    <library logical="ESP8266">
      <uri>D:/Ashish_Pardeshi/Software/KiCAD_Lib/kicad-ESP8266-master/kicad-ESP8266-master/ESP8266.lib</uri>
    </library>
    <library logical="OLED_128x64_I2C">
      <uri>D:/Ashish_Pardeshi/Software/KiCAD_Lib/Ashish_Designed_Kicad_lib/OLED_128x64_I2C.lib</uri>
    </library>
    <library logical="Regulator_Linear">
      <uri>C:\Program Files\KiCad\share\kicad\library/Regulator_Linear.lib</uri>
    </library>
    <library logical="Sensor_Temperature">
      <uri>C:\Program Files\KiCad\share\kicad\library/Sensor_Temperature.lib</uri>
    </library>
    <library logical="SparkFun-Batteries">
      <uri>D:/Ashish_Pardeshi/Software/KiCAD_Lib/SparkFun-KiCad-Libraries-master/SparkFun-KiCad-Libraries-master/Libraries/SparkFun-Batteries.lib</uri>
    </library>
    <library logical="SparkFun-Boards">
      <uri>D:/Ashish_Pardeshi/Software/KiCAD_Lib/SparkFun-KiCad-Libraries-master/SparkFun-KiCad-Libraries-master/Libraries/SparkFun-Boards.lib</uri>
    </library>
    <library logical="SparkFun-Capacitors">
      <uri>D:/Ashish_Pardeshi/Software/KiCAD_Lib/SparkFun-KiCad-Libraries-master/SparkFun-KiCad-Libraries-master/Libraries/SparkFun-Capacitors.lib</uri>
    </library>
    <library logical="SparkFun-Connectors">
      <uri>D:/Ashish_Pardeshi/Software/KiCAD_Lib/SparkFun-KiCad-Libraries-master/SparkFun-KiCad-Libraries-master/Libraries/SparkFun-Connectors.lib</uri>
    </library>
    <library logical="SparkFun-Electromechanical">
      <uri>D:/Ashish_Pardeshi/Software/KiCAD_Lib/SparkFun-KiCad-Libraries-master/SparkFun-KiCad-Libraries-master/Libraries/SparkFun-Electromechanical.lib</uri>
    </library>
    <library logical="SparkFun-LED">
      <uri>D:/Ashish_Pardeshi/Software/KiCAD_Lib/SparkFun-KiCad-Libraries-master/SparkFun-KiCad-Libraries-master/Libraries/SparkFun-LED.lib</uri>
    </library>
    <library logical="SparkFun-Sensors">
      <uri>D:/Ashish_Pardeshi/Software/KiCAD_Lib/SparkFun-KiCad-Libraries-master/SparkFun-KiCad-Libraries-master/Libraries/SparkFun-Sensors.lib</uri>
    </library>
    <library logical="SparkFun-Switches">
      <uri>D:/Ashish_Pardeshi/Software/KiCAD_Lib/SparkFun-KiCad-Libraries-master/SparkFun-KiCad-Libraries-master/Libraries/SparkFun-Switches.lib</uri>
    </library>
    <library logical="Timer_RTC">
      <uri>C:\Program Files\KiCad\share\kicad\library/Timer_RTC.lib</uri>
    </library>
  </libraries>
  <nets>
    <net code="1" name="GND">
      <node ref="C8" pin="2"/>
      <node ref="C6" pin="-"/>
      <node ref="C10" pin="2"/>
      <node ref="U6" pin="1"/>
      <node ref="U3" pin="8"/>
      <node ref="dis1" pin="2"/>
      <node ref="U2" pin="2"/>
      <node ref="U3" pin="9"/>
      <node ref="U3" pin="7"/>
      <node ref="U3" pin="6"/>
      <node ref="U3" pin="5"/>
      <node ref="U3" pin="13"/>
      <node ref="U3" pin="12"/>
      <node ref="U3" pin="11"/>
      <node ref="U3" pin="10"/>
      <node ref="S1" pin="2"/>
      <node ref="S7" pin="2"/>
      <node ref="B1" pin="23"/>
      <node ref="R8" pin="1"/>
      <node ref="J1" pin="1"/>
      <node ref="J2" pin="1"/>
      <node ref="S6" pin="2"/>
      <node ref="C4" pin="2"/>
      <node ref="C2" pin="-"/>
      <node ref="C5" pin="-"/>
      <node ref="C9" pin="2"/>
      <node ref="C7" pin="2"/>
      <node ref="U5" pin="1"/>
      <node ref="S4" pin="2"/>
      <node ref="S3" pin="2"/>
      <node ref="S2" pin="2"/>
      <node ref="U4" pin="4"/>
      <node ref="C3" pin="2"/>
      <node ref="C1" pin="-"/>
      <node ref="BT1" pin="2"/>
      <node ref="J3" pin="1"/>
      <node ref="U8" pin="4"/>
      <node ref="D2" pin="K"/>
      <node ref="D3" pin="K"/>
      <node ref="LS1" pin="-"/>
      <node ref="S8" pin="2"/>
    </net>
    <net code="2" name="Net-(B1-Pad2)">
      <node ref="B1" pin="2"/>
      <node ref="U2" pin="1"/>
    </net>
    <net code="3" name="Net-(R8-Pad2)">
      <node ref="R8" pin="2"/>
      <node ref="R9" pin="1"/>
      <node ref="U2" pin="8"/>
    </net>
    <net code="4" name="+3.3VA">
      <node ref="R1" pin="1"/>
      <node ref="C9" pin="1"/>
      <node ref="R4" pin="2"/>
      <node ref="R6" pin="1"/>
      <node ref="C5" pin="+"/>
      <node ref="R7" pin="2"/>
      <node ref="U5" pin="2"/>
      <node ref="C7" pin="1"/>
      <node ref="U2" pin="7"/>
    </net>
    <net code="5" name="Net-(S8-Pad1)">
      <node ref="S8" pin="1"/>
    </net>
    <net code="6" name="Net-(JP1-Pad1)">
      <node ref="S8" pin="4"/>
      <node ref="R7" pin="1"/>
      <node ref="JP1" pin="1"/>
    </net>
    <net code="7" name="Net-(S8-Pad3)">
      <node ref="S8" pin="3"/>
    </net>
    <net code="8" name="Net-(JP1-Pad2)">
      <node ref="JP1" pin="2"/>
      <node ref="U2" pin="6"/>
    </net>
    <net code="9" name="Net-(U8-Pad3)">
      <node ref="U8" pin="3"/>
    </net>
    <net code="10" name="Net-(U8-Pad2)">
      <node ref="U8" pin="2"/>
    </net>
    <net code="11" name="Net-(B1-Pad17)">
      <node ref="U8" pin="1"/>
      <node ref="B1" pin="17"/>
    </net>
    <net code="12" name="+9V">
      <node ref="U6" pin="3"/>
      <node ref="S5" pin="3"/>
      <node ref="C4" pin="1"/>
      <node ref="C2" pin="+"/>
      <node ref="U5" pin="3"/>
      <node ref="C1" pin="+"/>
      <node ref="C3" pin="1"/>
      <node ref="B1" pin="24"/>
    </net>
    <net code="13" name="Net-(U8-Pad5)">
      <node ref="U8" pin="5"/>
    </net>
    <net code="14" name="Net-(BT1-Pad1)">
      <node ref="U3" pin="14"/>
      <node ref="BT1" pin="1"/>
    </net>
    <net code="15" name="Net-(D2-PadA)">
      <node ref="D2" pin="A"/>
      <node ref="R4" pin="1"/>
    </net>
    <net code="16" name="Net-(D3-PadA)">
      <node ref="R5" pin="1"/>
      <node ref="D3" pin="A"/>
    </net>
    <net code="17" name="Net-(R1-Pad2)">
      <node ref="U2" pin="3"/>
      <node ref="R1" pin="2"/>
    </net>
    <net code="18" name="VCC">
      <node ref="U8" pin="8"/>
      <node ref="B1" pin="21"/>
    </net>
    <net code="19" name="Net-(U8-Pad7)">
      <node ref="U8" pin="7"/>
    </net>
    <net code="20" name="Net-(U8-Pad6)">
      <node ref="U8" pin="6"/>
    </net>
    <net code="21" name="Net-(B1-Pad9)">
      <node ref="B1" pin="9"/>
      <node ref="S6" pin="1"/>
    </net>
    <net code="22" name="Net-(B1-Pad10)">
      <node ref="B1" pin="10"/>
      <node ref="LS1" pin="+"/>
    </net>
    <net code="23" name="Net-(B1-Pad8)">
      <node ref="S4" pin="1"/>
      <node ref="B1" pin="8"/>
    </net>
    <net code="24" name="Net-(B1-Pad6)">
      <node ref="S2" pin="1"/>
      <node ref="B1" pin="6"/>
    </net>
    <net code="25" name="Net-(B1-Pad5)">
      <node ref="B1" pin="5"/>
      <node ref="S1" pin="1"/>
    </net>
    <net code="26" name="Net-(B1-Pad3)">
      <node ref="B1" pin="3"/>
      <node ref="J3" pin="2"/>
    </net>
    <net code="27" name="Net-(B1-Pad7)">
      <node ref="S3" pin="1"/>
      <node ref="B1" pin="7"/>
    </net>
    <net code="28" name="Net-(B1-Pad4)">
      <node ref="B1" pin="4"/>
    </net>
    <net code="29" name="Net-(B1-Pad1)">
      <node ref="R9" pin="2"/>
      <node ref="B1" pin="1"/>
    </net>
    <net code="30" name="Net-(R6-Pad2)">
      <node ref="S7" pin="4"/>
      <node ref="U2" pin="5"/>
      <node ref="R6" pin="2"/>
    </net>
    <net code="31" name="Net-(S7-Pad3)">
      <node ref="S7" pin="3"/>
    </net>
    <net code="32" name="Net-(S7-Pad1)">
      <node ref="S7" pin="1"/>
    </net>
    <net code="33" name="Net-(B1-Pad19)">
      <node ref="B1" pin="19"/>
    </net>
    <net code="34" name="Net-(B1-Pad18)">
      <node ref="B1" pin="18"/>
    </net>
    <net code="35" name="Net-(B1-PadA7)">
      <node ref="B1" pin="A7"/>
    </net>
    <net code="36" name="Net-(B1-PadA6)">
      <node ref="B1" pin="A6"/>
    </net>
    <net code="37" name="Net-(B1-Pad16)">
      <node ref="B1" pin="16"/>
    </net>
    <net code="38" name="Net-(B1-Pad15)">
      <node ref="B1" pin="15"/>
    </net>
    <net code="39" name="Net-(B1-Pad14)">
      <node ref="B1" pin="14"/>
    </net>
    <net code="40" name="Net-(B1-Pad13)">
      <node ref="B1" pin="13"/>
    </net>
    <net code="41" name="Net-(B1-Pad22)">
      <node ref="B1" pin="22"/>
    </net>
    <net code="42" name="Net-(B1-Pad12)">
      <node ref="B1" pin="12"/>
    </net>
    <net code="43" name="Net-(B1-Pad11)">
      <node ref="B1" pin="11"/>
    </net>
    <net code="44" name="Net-(B1-Pad20)">
      <node ref="B1" pin="20"/>
    </net>
    <net code="45" name="Net-(J1-Pad2)">
      <node ref="S5" pin="2"/>
      <node ref="J1" pin="2"/>
    </net>
    <net code="46" name="Net-(S5-Pad1)">
      <node ref="S5" pin="1"/>
    </net>
    <net code="47" name="+3V3">
      <node ref="U3" pin="2"/>
      <node ref="U6" pin="2"/>
      <node ref="J2" pin="2"/>
      <node ref="R5" pin="2"/>
      <node ref="dis1" pin="1"/>
      <node ref="C6" pin="+"/>
      <node ref="C8" pin="1"/>
      <node ref="C10" pin="1"/>
      <node ref="R2" pin="2"/>
      <node ref="U4" pin="3"/>
      <node ref="R3" pin="2"/>
    </net>
    <net code="48" name="Net-(J2-Pad3)">
      <node ref="J2" pin="3"/>
    </net>
    <net code="49" name="Net-(U2-Pad4)">
      <node ref="U2" pin="4"/>
    </net>
    <net code="50" name="Net-(B1-PadA5)">
      <node ref="U3" pin="16"/>
      <node ref="dis1" pin="3"/>
      <node ref="B1" pin="A5"/>
      <node ref="U4" pin="1"/>
    </net>
    <net code="51" name="Net-(U3-Pad4)">
      <node ref="U3" pin="4"/>
    </net>
    <net code="52" name="Net-(R3-Pad1)">
      <node ref="U3" pin="3"/>
      <node ref="R3" pin="1"/>
    </net>
    <net code="53" name="Net-(B1-PadA4)">
      <node ref="dis1" pin="4"/>
      <node ref="B1" pin="A4"/>
      <node ref="U3" pin="15"/>
      <node ref="U4" pin="2"/>
    </net>
    <net code="54" name="Net-(R2-Pad1)">
      <node ref="R2" pin="1"/>
      <node ref="U3" pin="1"/>
    </net>
  </nets>
</export>
