<?xml version="1.0" encoding="UTF-8"?>
<export version="D">
  <design>
    <source>D:\Ashish_Pardeshi\DIY_Lab_Instruments\Contact-less Thermometer\IR_Thermometer_PCB_Design\IR_Thermometer\IR_Thermometer_ESP12E\IR_Thermo_ESP12E.sch</source>
    <date>4/21/2020 1:16:26 PM</date>
    <tool>Eeschema (5.1.5)-3</tool>
    <sheet number="1" name="/" tstamps="/">
      <title_block>
        <title>IoT IR Thermometer Mother Board</title>
        <company>Designer: Ashish Pardeshi HBCSE - TIFR, Mumbai</company>
        <rev>V1</rev>
        <date>2020-04-13</date>
        <source>IR_Thermo_ESP12E.sch</source>
        <comment number="1" value=""/>
        <comment number="2" value=""/>
        <comment number="3" value=""/>
        <comment number="4" value=""/>
      </title_block>
    </sheet>
  </design>
  <components>
    <comp ref="U3">
      <value>DS3231M</value>
      <footprint>Package_SO:SOIC-16W_7.5x10.3mm_P1.27mm</footprint>
      <datasheet>http://datasheets.maximintegrated.com/en/ds/DS3231.pdf</datasheet>
      <libsource lib="Timer_RTC" part="DS3231M" description="Extremely Accurate I2C-Integrated RTC/TCXO/Crystal SOIC-16"/>
      <sheetpath names="/" tstamps="/"/>
      <tstamp>5E804AEB</tstamp>
    </comp>
    <comp ref="dis1">
      <value>OLED_I2C</value>
      <footprint>Connector_JST:JST_EH_B4B-EH-A_1x04_P2.50mm_Vertical</footprint>
      <libsource lib="OLED_128x64_I2C" part="OLED_I2C" description="Two Wire 128x64 Oled"/>
      <sheetpath names="/" tstamps="/"/>
      <tstamp>5E810212</tstamp>
    </comp>
    <comp ref="U4">
      <value>MLX90614</value>
      <footprint>Connector_JST:JST_EH_B4B-EH-A_1x04_P2.50mm_Vertical</footprint>
      <libsource lib="SparkFun-Sensors" part="MLX90614" description="Melexis MLX90614 Infrared (IR) Thermometer The MLX90614 is a passive infrared (PIR) I&lt;sup&gt;2&lt;/sup&gt;C temperature sensor.It is designed for non-contact temperature sensing. An internal 17-bit ADC and a powerful DSP contribute to the MLX90614 s high accuracy and resolution. It has a huge number of applications including body temperature measurment and movement detection. &lt;a href=&quot;http://www.sparkfun.com/datasheets/Sensors/Temperature/SEN-09570-datasheet-3901090614M005.pdf&quot;&gt;Datasheet&lt;/a&gt; &lt;h4&gt;SparkFun Products&lt;/h4&gt;&lt;ul&gt;&lt;li&gt;&lt;a href=&quot;https://www.sparkfun.com/products/9570&quot;&gt;Infrared Thermometer - MLX90614&lt;/a&gt; (SEN-09570)&lt;/li&gt;&lt;li&gt;&lt;a href=&quot;https://www.sparkfun.com/products/10740&quot;&gt;SparkFun IR Thermometer Evaluation Board - MLX90614 &lt;/a&gt; (SEN-10740)&lt;/li&gt;&lt;/ul&gt;"/>
      <sheetpath names="/" tstamps="/"/>
      <tstamp>5E81AA98</tstamp>
    </comp>
    <comp ref="J2">
      <value>CONN_03JST-PTH</value>
      <footprint>Connector_JST:JST_EH_B3B-EH-A_1x03_P2.50mm_Vertical</footprint>
      <libsource lib="SparkFun-Connectors" part="CONN_03JST-PTH" description="Multi connection point. Often used as Generic Header-pin footprint for 0.1 inch spaced/style header connections  &lt;b&gt;On any of the 0.1 inch spaced packages, you can populate with these:&lt;/b&gt;&lt;ul&gt;&lt;li&gt;&lt;a href=&quot;https://www.sparkfun.com/products/116&quot;&gt; Break Away Headers - Straight&lt;/a&gt; (PRT-00116)&lt;/li&gt;&lt;li&gt;&lt;a href=&quot;https://www.sparkfun.com/products/553&quot;&gt; Break Away Male Headers - Right Angle&lt;/a&gt; (PRT-00553)&lt;/li&gt;&lt;li&gt;&lt;a href=&quot;https://www.sparkfun.com/products/115&quot;&gt; Female Headers&lt;/a&gt; (PRT-00115)&lt;/li&gt;&lt;li&gt;&lt;a href=&quot;https://www.sparkfun.com/products/117&quot;&gt; Break Away Headers - Machine Pin&lt;/a&gt; (PRT-00117)&lt;/li&gt;&lt;li&gt;&lt;a href=&quot;https://www.sparkfun.com/products/743&quot;&gt; Break Away Female Headers - Swiss Machine Pin&lt;/a&gt; (PRT-00743)&lt;/li&gt;&lt;li&gt;&lt;a href=&quot;https://www.sparkfun.com/products/13875&quot;&gt; Stackable Header - 3 Pin (Female, 0.1&quot;)&lt;/a&gt; (PRT-13875)&lt;/li&gt;&lt;/ul&gt; &lt;b&gt; For SCREWTERMINALS and SPRING TERMINALS visit here:&lt;/b&gt;&lt;ul&gt;&lt;li&gt;&lt;a href=&quot;https://www.sparkfun.com/search/results?term=Screw+Terminals&quot;&gt; Screw Terimnals on SparkFun.com&lt;/a&gt; (5mm/3.5mm/2.54mm spacing)&lt;/li&gt;&lt;/ul&gt; &lt;b&gt;This device is also useful as a general connection point to wire up your design to another part of your project. Our various solder wires solder well into these plated through hole pads.&lt;/b&gt;&lt;ul&gt;&lt;li&gt;&lt;a href=&quot;https://www.sparkfun.com/products/11375&quot;&gt; Hook-Up Wire - Assortment (Stranded, 22 AWG)&lt;/a&gt; (PRT-11375)&lt;/li&gt;&lt;li&gt;&lt;a href=&quot;https://www.sparkfun.com/products/11367&quot;&gt; Hook-Up Wire - Assortment (Solid Core, 22 AWG)&lt;/a&gt; (PRT-11367)&lt;/li&gt;&lt;li&gt;&lt;a href=&quot;https://www.sparkfun.com/categories/141&quot;&gt; View the entire wire category on our website here&lt;/a&gt;&lt;/li&gt; &lt;/ul&gt; &lt;b&gt;Special notes:&lt;/b&gt;     Molex polarized connector foot print use with SKU : PRT-08232 with associated crimp pins and housings."/>
      <sheetpath names="/" tstamps="/"/>
      <tstamp>5E83AD13</tstamp>
    </comp>
    <comp ref="S5">
      <value>SWITCH-SPDT</value>
      <footprint>Switches:SWITCH_SPDT_PTH_11.6X4.0MM_KIT</footprint>
      <libsource lib="SparkFun-Switches" part="SWITCH-SPDT-PTH-11.6X4.0MM" description="Single Pole, Double Throw (SPDT) Switch Single-pole, double-throw (SPDT) switch. &lt;h4&gt;Variant Overview&lt;/h4&gt;&lt;h5&gt;SMD-AYZ0202&lt;/h5&gt;&lt;ul&gt;&lt;li&gt;&lt;a href=&quot;https://www.sparkfun.com/products/597&quot;&gt;Surface Mount DPDT Switch&lt;/a&gt; (COM-00597)&lt;/li&gt;&lt;li&gt;Used on e.g. &lt;a href=&quot;https://www.sparkfun.com/products/12049&quot;&gt;LilyPad Arduino USB - ATmega32U4 Board&lt;/a&gt;&lt;/ul&gt;&lt;h5&gt;PTH-11.6X4.0MM&lt;/h5&gt;&lt;ul&gt;&lt;li&gt;&lt;a href=&quot;https://www.sparkfun.com/products/102&quot;&gt;SPDT Mini Power Switch&lt;/a&gt; (COM-00102)&lt;/li&gt;&lt;li&gt;Used on e.g. &lt;a href=&quot;https://www.sparkfun.com/products/10547&quot;&gt;SparkFun Simon Says - Through-Hole Soldering Kit&lt;/a&gt; (KIT-10547)&lt;/li&gt;&lt;/ul&gt;&lt;h5&gt;PTH-11.6X4.0MM-KIT&lt;/h5&gt;&lt;ul&gt;&lt;li&gt;KIT version of SPDT Mini Power Switch - Simplifies soldering by removing tStop of switch pins - only one side can be soldered.&lt;/li&gt;&lt;/ul&gt;&lt;h5&gt;PTH-11.6X4.0MM-LOCK&lt;/h5&gt;&lt;ul&gt;&lt;li&gt;LOCK version of SPDT Mini Power Switch - Offset pins hold switch in place for easier soldering.&lt;/li&gt;&lt;/ul&gt;&lt;h5&gt;SMD-RIGHT-ANGLE&lt;/h5&gt;&lt;ul&gt;&lt;li&gt;&lt;a href=&quot;https://www.sparkfun.com/products/10860&quot;&gt;Surface Mount Right Angle Switch&lt;/a&gt; (COM-10860)&lt;/li&gt;&lt;li&gt;Used on e.g. &lt;a href=&quot;https://www.sparkfun.com/products/13231&quot;&gt;SparkFun ESP8266 Thing&lt;/a&gt;&lt;/li&gt;&lt;/ul&gt;"/>
      <sheetpath names="/" tstamps="/"/>
      <tstamp>5E843582</tstamp>
    </comp>
    <comp ref="J1">
      <value>CONN_02JST-PTH-2</value>
      <footprint>Connector_JST:JST_EH_B2B-EH-A_1x02_P2.50mm_Vertical</footprint>
      <libsource lib="SparkFun-Connectors" part="CONN_02JST-PTH-2" description="Multi connection point. Often used as Generic Header-pin footprint for 0.1 inch spaced/style header connections  &lt;b&gt;On any of the 0.1 inch spaced packages, you can populate with these:&lt;/b&gt;&lt;ul&gt;&lt;li&gt;&lt;a href=&quot;https://www.sparkfun.com/products/116&quot;&gt; Break Away Headers - Straight&lt;/a&gt; (PRT-00116)&lt;/li&gt;&lt;li&gt;&lt;a href=&quot;https://www.sparkfun.com/products/553&quot;&gt; Break Away Male Headers - Right Angle&lt;/a&gt; (PRT-00553)&lt;/li&gt;&lt;li&gt;&lt;a href=&quot;https://www.sparkfun.com/products/115&quot;&gt; Female Headers&lt;/a&gt; (PRT-00115)&lt;/li&gt;&lt;li&gt;&lt;a href=&quot;https://www.sparkfun.com/products/117&quot;&gt; Break Away Headers - Machine Pin&lt;/a&gt; (PRT-00117)&lt;/li&gt;&lt;li&gt;&lt;a href=&quot;https://www.sparkfun.com/products/743&quot;&gt; Break Away Female Headers - Swiss Machine Pin&lt;/a&gt; (PRT-00743)&lt;/li&gt;&lt;/ul&gt; &lt;b&gt; For SCREWTERMINALS and SPRING TERMINALS visit here:&lt;/b&gt;&lt;ul&gt;&lt;li&gt;&lt;a href=&quot;https://www.sparkfun.com/search/results?term=Screw+Terminals&quot;&gt; Screw Terimnals on SparkFun.com&lt;/a&gt; (5mm/3.5mm/2.54mm spacing)&lt;/li&gt;&lt;/ul&gt; &lt;b&gt;This device is also useful as a general connection point to wire up your design to another part of your project. Our various solder wires solder well into these plated through hole pads.&lt;/b&gt;&lt;ul&gt;&lt;li&gt;&lt;a href=&quot;https://www.sparkfun.com/products/11375&quot;&gt; Hook-Up Wire - Assortment (Stranded, 22 AWG)&lt;/a&gt; (PRT-11375)&lt;/li&gt;&lt;li&gt;&lt;a href=&quot;https://www.sparkfun.com/products/11367&quot;&gt; Hook-Up Wire - Assortment (Solid Core, 22 AWG)&lt;/a&gt; (PRT-11367)&lt;/li&gt;&lt;li&gt;&lt;a href=&quot;https://www.sparkfun.com/categories/141&quot;&gt; View the entire wire category on our website here&lt;/a&gt;&lt;/li&gt; &lt;/ul&gt; &lt;b&gt;Special notes:&lt;/b&gt; Molex polarized connector foot print use with: PRT-08233 with associated crimp pins and housings.&lt;br&gt;&lt;br&gt;2.54_SCREWTERM for use with  PRT-10571.&lt;br&gt;&lt;br&gt;3.5mm Screw Terminal footprints for  PRT-08084&lt;br&gt;&lt;br&gt;5mm Screw Terminal footprints for use with PRT-08432"/>
      <sheetpath names="/" tstamps="/"/>
      <tstamp>5E844E23</tstamp>
    </comp>
    <comp ref="U5">
      <value>V_REG_LD1117v3.3</value>
      <footprint>Package_TO_SOT_SMD:SOT-223</footprint>
      <libsource lib="Regulator_Linear" part="AMS1117-3.3" description="1A Low Dropout regulator, positive, 3.3V fixed output, SOT-223"/>
      <sheetpath names="/" tstamps="/"/>
      <tstamp>5E8571E0</tstamp>
    </comp>
    <comp ref="C7">
      <value>100nf</value>
      <footprint>Capacitors:0805</footprint>
      <datasheet>~</datasheet>
      <libsource lib="Device" part="C" description="Unpolarized capacitor"/>
      <sheetpath names="/" tstamps="/"/>
      <tstamp>5E8571ED</tstamp>
    </comp>
    <comp ref="C9">
      <value>10nf</value>
      <footprint>Capacitors:0805</footprint>
      <datasheet>~</datasheet>
      <libsource lib="Device" part="C" description="Unpolarized capacitor"/>
      <sheetpath names="/" tstamps="/"/>
      <tstamp>5E8571F7</tstamp>
    </comp>
    <comp ref="C5">
      <value>100uF</value>
      <footprint>Capacitors:EIA3216</footprint>
      <libsource lib="SparkFun-Capacitors" part="10UF-POLAR-EIA3216-16V-10%_TANT_" description="10.0uF polarized capacitors A capacitor is a passive two-terminal electrical component used to store electrical energy temporarily in an electric field."/>
      <sheetpath names="/" tstamps="/"/>
      <tstamp>5E857202</tstamp>
    </comp>
    <comp ref="C1">
      <value>10UF</value>
      <footprint>Capacitors:EIA3216</footprint>
      <libsource lib="SparkFun-Capacitors" part="10UF-POLAR-EIA3216-16V-10%_TANT_" description="10.0uF polarized capacitors A capacitor is a passive two-terminal electrical component used to store electrical energy temporarily in an electric field."/>
      <sheetpath names="/" tstamps="/"/>
      <tstamp>5E857235</tstamp>
    </comp>
    <comp ref="C3">
      <value>100nf</value>
      <footprint>Capacitors:0805</footprint>
      <datasheet>~</datasheet>
      <libsource lib="Device" part="C" description="Unpolarized capacitor"/>
      <sheetpath names="/" tstamps="/"/>
      <tstamp>5E85723F</tstamp>
    </comp>
    <comp ref="R2">
      <value>10k</value>
      <footprint>Resistors:0805</footprint>
      <datasheet>~</datasheet>
      <libsource lib="Device" part="R_US" description="Resistor, US symbol"/>
      <sheetpath names="/" tstamps="/"/>
      <tstamp>5E8C2253</tstamp>
    </comp>
    <comp ref="R3">
      <value>10k</value>
      <footprint>Resistors:0805</footprint>
      <datasheet>~</datasheet>
      <libsource lib="Device" part="R_US" description="Resistor, US symbol"/>
      <sheetpath names="/" tstamps="/"/>
      <tstamp>5E8CA20C</tstamp>
    </comp>
    <comp ref="BT1">
      <value>20MM_PTH</value>
      <footprint>Batteries:BATTCOM_20MM_PTH</footprint>
      <libsource lib="SparkFun-Batteries" part="BATTERY-20MM_PTH" description="Battery - Single Cell A variety of battery chemistries, sizes, and footprints. Device List:&lt;ul&gt;&lt;li&gt;&lt;b&gt;20MM_PTH - &lt;/b&gt; &lt;a href=&quot;https://www.sparkfun.com/products/783&quot;&gt;Coin Cell Battery Holder - 20mm (PTH)&lt;/a&gt;&lt;/li&gt;&lt;li&gt;&lt;b&gt;6.8MM_PTH - &lt;/b&gt; &lt;a href=&quot;https://www.digikey.com/product-detail/en/seiko-instruments/MS621FE-FL11E/728-1057-ND/1889208?WT.srch=1&amp;gclid=CNOQ5a6LzdQCFZS2wAodXCkE0g&quot;&gt;Coin Cell Battery Holder - 6.8MM(SMD)&lt;/a&gt;&lt;/li&gt;&lt;li&gt;&lt;b&gt;12MM_SMD - &lt;/b&gt; &lt;a href=&quot;https://www.sparkfun.com/products/10592&quot;&gt;Coin Cell Battery Holder - 12mm (SMD)&lt;/a&gt;&lt;/li&gt;&lt;li&gt;&lt;b&gt;12MM_PTH - &lt;/b&gt;&lt;a href=&quot;https://www.sparkfun.com/products/7948&quot;&gt;Coin Cell Battery Holder - 12mm (PTH)&lt;/a&gt;&lt;/li&gt;&lt;li&gt;&lt;b&gt;20MM_SMD - &lt;/b&gt; 20mm Coin Cell Battery Holder (SMD) (2 legs)&lt;/li&gt;&lt;ul&gt;&lt;li&gt;Used on the &lt;a href=&quot;https://www.sparkfun.com/products/11734&quot;&gt;Big Time Watch Kit&lt;/a&gt;&lt;/li&gt;&lt;/ul&gt;&lt;li&gt;&lt;b&gt;20MM_SMD_4LEGS - &lt;/b&gt; &lt;a href=&quot;https://www.sparkfun.com/products/11892&quot;&gt;Coin Cell Battery Holder - 20mm (SMD)&lt;/a&gt;&lt;/li&gt;&lt;li&gt;&lt;b&gt;20MM_SMD_4LEGS_OVERPASTE - &lt;/b&gt; &lt;a href=&quot;https://www.sparkfun.com/products/11892&quot;&gt;Coin Cell Battery Holder - 20mm (SMD)&lt;/a&gt; (Over-paste on the legs)&lt;/li&gt;&lt;li&gt;&lt;b&gt;24.5MM_PTH - &lt;/b&gt; &lt;a href=&quot;https://www.sparkfun.com/products/8863&quot;&gt;Coin Cell Battery Holder - 24.5mm (PTH)&lt;/a&gt;&lt;/li&gt;&lt;li&gt;&lt;b&gt;9V - &lt;/b&gt; 9V Battery Holder - PC Mount &lt;/li&gt;&lt;ul&gt;&lt;li&gt;Used on the &lt;a href=&quot;https://www.sparkfun.com/products/11177&quot;&gt;SparkFun SparkPunk Sound Kit &lt;/a&gt; and &lt;a href=&quot;https://www.sparkfun.com/products/12707&quot;&gt;SparkFun SparkPunk Sequencer Kit &lt;/a&gt;&lt;/li&gt;&lt;/ul&gt;&lt;li&gt;&lt;b&gt;18650 - &lt;/b&gt; &lt;a href=&quot;https://www.sparkfun.com/products/13113&quot;&gt;Battery Holder - 18650 (PTH)&lt;/a&gt;&lt;/li&gt;&lt;li&gt;&lt;b&gt;AA - &lt;/b&gt; &lt;a href=&quot;https://www.sparkfun.com/products/7949&quot;&gt;Battery Holder - 1xAA (PTH)&lt;/a&gt;&lt;/li&gt;&lt;li&gt;&lt;b&gt;AAA - &lt;/b&gt; &lt;a href=&quot;https://www.sparkfun.com/products/12718&quot;&gt;Battery Holder - 1xAAA (PTH)&lt;/a&gt;&lt;/li&gt;&lt;li&gt;&lt;b&gt;AA_KIT - &lt;/b&gt; &lt;a href=&quot;https://www.sparkfun.com/products/7949&quot;&gt;Battery Holder - 1xAA (PTH)&lt;/a&gt;&lt;/li&gt;&lt;ul&gt;&lt;li&gt;Special kit package - pads only have exposed copper on one side of the board.&lt;/li&gt;&lt;/ul&gt;&lt;li&gt;&lt;b&gt;AAA_KIT - &lt;/b&gt; &lt;a href=&quot;https://www.sparkfun.com/products/12718&quot;&gt;Battery Holder - 1xAAA (PTH)&lt;/a&gt;&lt;/li&gt;&lt;ul&gt;&lt;li&gt;Special kit package - pads only have exposed copper on one side of the board.&lt;/li&gt;&lt;/ul&gt;&lt;/ul&gt;"/>
      <sheetpath names="/" tstamps="/"/>
      <tstamp>5E8F3C90</tstamp>
    </comp>
    <comp ref="R4">
      <value>470e</value>
      <footprint>Resistors:0805</footprint>
      <datasheet>~</datasheet>
      <libsource lib="Device" part="R_US" description="Resistor, US symbol"/>
      <sheetpath names="/" tstamps="/"/>
      <tstamp>5E9C26BD</tstamp>
    </comp>
    <comp ref="LS1">
      <value>BUZZER-PTH</value>
      <footprint>Electromechanical:BUZZER-12MM-NS-KIT</footprint>
      <libsource lib="SparkFun-Electromechanical" part="BUZZER-PTH" description="Buzzer Small round buzzers that operate around the audible 2kHz range. You can use these as speakers to create simple music or user interfaces. Variant Overview:&lt;ul&gt;&lt;li&gt;&lt;b&gt;PTH - &lt;/b&gt; &lt;a href=&quot;https://www.sparkfun.com/products/7950&quot;&gt;Mini Speaker - PC Mount 12mm 2.048kHz&lt;/a&gt;&lt;/li&gt;&lt;li&gt;&lt;b&gt;PTH_KIT - &lt;/b&gt; &lt;a href=&quot;https://www.sparkfun.com/products/7950&quot;&gt;Mini Speaker - PC Mount 12mm 2.048kHz&lt;/a&gt;&lt;/li&gt;&lt;ul&gt;&lt;li&gt; KIT simplifies soldering by adding stop mask to one side of the pads.&lt;/li&gt;&lt;/ul&gt;&lt;li&gt;&lt;b&gt;PTH_NO_SILK - &lt;/b&gt; &lt;a href=&quot;https://www.sparkfun.com/products/7950&quot;&gt;Mini Speaker - PC Mount 12mm 2.048kHz&lt;/a&gt;&lt;/li&gt;&lt;ul&gt;&lt;li&gt; No silkscreen indicator of buzzer outline.&lt;/li&gt;&lt;/ul&gt;&lt;li&gt;&lt;b&gt;PTH_KIT_NO_SILK - &lt;/b&gt; &lt;a href=&quot;https://www.sparkfun.com/products/7950&quot;&gt;Mini Speaker - PC Mount 12mm 2.048kHz&lt;/a&gt;&lt;/li&gt;&lt;ul&gt;&lt;li&gt; KIT package w/o silkscreen&lt;/li&gt;&lt;/ul&gt;&lt;li&gt;&lt;b&gt;SMD - &lt;/b&gt; Buzzer Audio Magnetic (CCV-084B16)&lt;/li&gt; &lt;ul&gt;&lt;li&gt;SMD buzzer used on, e.g. the &lt;a href=&quot;https://www.sparkfun.com/products/8463&quot;&gt;LilyPad Buzzer&lt;/a&gt; and &lt;a href=&quot;https://www.sparkfun.com/products/9963&quot;&gt;RFID USB Reader&lt;/a&gt;.&lt;/li&gt;&lt;/ul&gt;&lt;li&gt;&lt;b&gt;SMD_KIT - &lt;/b&gt; Buzzer Audio Magnetic (CCV-084B16)&lt;/li&gt;&lt;ul&gt;&lt;li&gt;SMD Buzzer with elongated pins to make soldering easier. Used on the &lt;a href=&quot;https://www.sparkfun.com/products/10935&quot;&gt;SparkFun Simon Says - Surface Mount Soldering Kit&lt;/a&gt;.&lt;/li&gt;&lt;/ul&gt;&lt;/ul&gt;"/>
      <sheetpath names="/" tstamps="/"/>
      <tstamp>5E9EDE0D</tstamp>
    </comp>
    <comp ref="U1">
      <value>ESP-12E</value>
      <footprint>RF_Module:ESP-12E</footprint>
      <datasheet>http://wiki.ai-thinker.com/_media/esp8266/esp8266_series_modules_user_manual_v1.1.pdf</datasheet>
      <libsource lib="RF_Module" part="ESP-12E" description="802.11 b/g/n Wi-Fi Module"/>
      <sheetpath names="/" tstamps="/"/>
      <tstamp>5E93829B</tstamp>
    </comp>
    <comp ref="R11">
      <value>10k</value>
      <footprint>Resistors:0805</footprint>
      <datasheet>~</datasheet>
      <libsource lib="Device" part="R_US" description="Resistor, US symbol"/>
      <sheetpath names="/" tstamps="/"/>
      <tstamp>5E94F36B</tstamp>
    </comp>
    <comp ref="R14">
      <value>10k</value>
      <footprint>Resistors:0805</footprint>
      <datasheet>~</datasheet>
      <libsource lib="Device" part="R_US" description="Resistor, US symbol"/>
      <sheetpath names="/" tstamps="/"/>
      <tstamp>5E987818</tstamp>
    </comp>
    <comp ref="R12">
      <value>10k</value>
      <footprint>Resistors:0805</footprint>
      <datasheet>~</datasheet>
      <libsource lib="Device" part="R_US" description="Resistor, US symbol"/>
      <sheetpath names="/" tstamps="/"/>
      <tstamp>5E9A3E20</tstamp>
    </comp>
    <comp ref="Q1">
      <value>MMBT2222</value>
      <footprint>Package_TO_SOT_SMD:SOT-23</footprint>
      <libsource lib="SparkFun-DiscreteSemi" part="TRANS_NPN-MMBT2222AL" description="NPN transistor Current controlled devices typically used to amplify current or used as a switch. &lt;ul&gt;  &lt;li&gt;    BC547 -     &lt;a href=&quot;http://www.sparkfun.com/products/8928&quot;&gt;COM-08928&lt;/a&gt;    (TO-92 45V 100mA) (1.Collector 2.Base 3.Emitter)  &lt;/li&gt;  &lt;li&gt;    2N3904 -     &lt;a href=&quot;http://www.sparkfun.com/products/521&quot;&gt;COM-00521&lt;/a&gt;    (TO-92 40V 200mA) (1.Emitter 2.Base 3.Collector)  &lt;/li&gt;  &lt;li&gt;    P2N2222A -     &lt;a href=&quot;http://www.sparkfun.com/products/12852&quot;&gt;COM-12852&lt;/a&gt;    (TO-92 40V 600mA) (1.Collector 2.Base 3.Emitter)  &lt;/li&gt;&lt;/ul&gt;"/>
      <sheetpath names="/" tstamps="/"/>
      <tstamp>5EA1BE15</tstamp>
    </comp>
    <comp ref="J3">
      <value>CONN_05JST</value>
      <footprint>Connector_JST:JST_EH_B5B-EH-A_1x05_P2.50mm_Vertical</footprint>
      <libsource lib="SparkFun-Connectors" part="CONN_05JST" description="Multi connection point. Often used as Generic Header-pin footprint for 0.1 inch spaced/style header connections  &lt;b&gt;On any of the 0.1 inch spaced packages, you can populate with these:&lt;/b&gt;&lt;ul&gt;&lt;li&gt;&lt;a href=&quot;https://www.sparkfun.com/products/116&quot;&gt; Break Away Headers - Straight&lt;/a&gt; (PRT-00116)&lt;/li&gt;&lt;li&gt;&lt;a href=&quot;https://www.sparkfun.com/products/553&quot;&gt; Break Away Male Headers - Right Angle&lt;/a&gt; (PRT-00553)&lt;/li&gt;&lt;li&gt;&lt;a href=&quot;https://www.sparkfun.com/products/115&quot;&gt; Female Headers&lt;/a&gt; (PRT-00115)&lt;/li&gt;&lt;li&gt;&lt;a href=&quot;https://www.sparkfun.com/products/117&quot;&gt; Break Away Headers - Machine Pin&lt;/a&gt; (PRT-00117)&lt;/li&gt;&lt;li&gt;&lt;a href=&quot;https://www.sparkfun.com/products/743&quot;&gt; Break Away Female Headers - Swiss Machine Pin&lt;/a&gt; (PRT-00743)&lt;/li&gt;&lt;/ul&gt; &lt;b&gt; For SCREWTERMINALS and SPRING TERMINALS visit here:&lt;/b&gt;&lt;ul&gt;&lt;li&gt;&lt;a href=&quot;https://www.sparkfun.com/search/results?term=Screw+Terminals&quot;&gt; Screw Terimnals on SparkFun.com&lt;/a&gt; (5mm/3.5mm/2.54mm spacing)&lt;/li&gt;&lt;/ul&gt; &lt;b&gt;This device is also useful as a general connection point to wire up your design to another part of your project. Our various solder wires solder well into these plated through hole pads.&lt;/b&gt;&lt;ul&gt;&lt;li&gt;&lt;a href=&quot;https://www.sparkfun.com/products/11375&quot;&gt; Hook-Up Wire - Assortment (Stranded, 22 AWG)&lt;/a&gt; (PRT-11375)&lt;/li&gt;&lt;li&gt;&lt;a href=&quot;https://www.sparkfun.com/products/11367&quot;&gt; Hook-Up Wire - Assortment (Solid Core, 22 AWG)&lt;/a&gt; (PRT-11367)&lt;/li&gt;&lt;li&gt;&lt;a href=&quot;https://www.sparkfun.com/categories/141&quot;&gt; View the entire wire category on our website here&lt;/a&gt;&lt;/li&gt; &lt;/ul&gt; &lt;b&gt;Special notes:&lt;/b&gt;   Molex polarized connector foot print use with SKU : PRT-08231 with associated crimp pins and housings. 1MM SMD Version SKU: PRT-10208"/>
      <sheetpath names="/" tstamps="/"/>
      <tstamp>5EA30B4B</tstamp>
    </comp>
    <comp ref="R5">
      <value>10k</value>
      <footprint>Resistors:0805</footprint>
      <datasheet>~</datasheet>
      <libsource lib="Device" part="R_US" description="Resistor, US symbol"/>
      <sheetpath names="/" tstamps="/"/>
      <tstamp>5EA31AF7</tstamp>
    </comp>
    <comp ref="Q2">
      <value>MMBT2222</value>
      <footprint>Package_TO_SOT_SMD:SOT-23</footprint>
      <libsource lib="SparkFun-DiscreteSemi" part="TRANS_NPN-MMBT2222AL" description="NPN transistor Current controlled devices typically used to amplify current or used as a switch. &lt;ul&gt;  &lt;li&gt;    BC547 -     &lt;a href=&quot;http://www.sparkfun.com/products/8928&quot;&gt;COM-08928&lt;/a&gt;    (TO-92 45V 100mA) (1.Collector 2.Base 3.Emitter)  &lt;/li&gt;  &lt;li&gt;    2N3904 -     &lt;a href=&quot;http://www.sparkfun.com/products/521&quot;&gt;COM-00521&lt;/a&gt;    (TO-92 40V 200mA) (1.Emitter 2.Base 3.Collector)  &lt;/li&gt;  &lt;li&gt;    P2N2222A -     &lt;a href=&quot;http://www.sparkfun.com/products/12852&quot;&gt;COM-12852&lt;/a&gt;    (TO-92 40V 600mA) (1.Collector 2.Base 3.Emitter)  &lt;/li&gt;&lt;/ul&gt;"/>
      <sheetpath names="/" tstamps="/"/>
      <tstamp>5EA32EAD</tstamp>
    </comp>
    <comp ref="R6">
      <value>10k</value>
      <footprint>Resistors:0805</footprint>
      <datasheet>~</datasheet>
      <libsource lib="Device" part="R_US" description="Resistor, US symbol"/>
      <sheetpath names="/" tstamps="/"/>
      <tstamp>5EA33369</tstamp>
    </comp>
    <comp ref="R7">
      <value>1k</value>
      <footprint>Resistors:0805</footprint>
      <datasheet>~</datasheet>
      <libsource lib="Device" part="R_US" description="Resistor, US symbol"/>
      <sheetpath names="/" tstamps="/"/>
      <tstamp>5EA92D57</tstamp>
    </comp>
    <comp ref="C2">
      <value>470p</value>
      <footprint>Capacitors:0805</footprint>
      <datasheet>~</datasheet>
      <libsource lib="Device" part="C" description="Unpolarized capacitor"/>
      <sheetpath names="/" tstamps="/"/>
      <tstamp>5EA9D364</tstamp>
    </comp>
    <comp ref="R13">
      <value>10k</value>
      <footprint>Resistors:0805</footprint>
      <datasheet>~</datasheet>
      <libsource lib="Device" part="R_US" description="Resistor, US symbol"/>
      <sheetpath names="/" tstamps="/"/>
      <tstamp>5E99A5A6</tstamp>
    </comp>
    <comp ref="R15">
      <value>1k</value>
      <footprint>Resistors:0805</footprint>
      <datasheet>~</datasheet>
      <libsource lib="Device" part="R_US" description="Resistor, US symbol"/>
      <sheetpath names="/" tstamps="/"/>
      <tstamp>5EABB6CA</tstamp>
    </comp>
    <comp ref="R16">
      <value>10k</value>
      <footprint>Resistors:0805</footprint>
      <datasheet>~</datasheet>
      <libsource lib="Device" part="R_US" description="Resistor, US symbol"/>
      <sheetpath names="/" tstamps="/"/>
      <tstamp>5EB4EDF1</tstamp>
    </comp>
    <comp ref="R17">
      <value>10k</value>
      <footprint>Resistors:0805</footprint>
      <datasheet>~</datasheet>
      <libsource lib="Device" part="R_US" description="Resistor, US symbol"/>
      <sheetpath names="/" tstamps="/"/>
      <tstamp>5EB4F4EA</tstamp>
    </comp>
    <comp ref="R1">
      <value>1k</value>
      <footprint>Resistors:0805</footprint>
      <datasheet>~</datasheet>
      <libsource lib="Device" part="R_US" description="Resistor, US symbol"/>
      <sheetpath names="/" tstamps="/"/>
      <tstamp>5EBDE951</tstamp>
    </comp>
    <comp ref="R10">
      <value>10k</value>
      <footprint>Resistors:0805</footprint>
      <datasheet>~</datasheet>
      <libsource lib="Device" part="R_US" description="Resistor, US symbol"/>
      <sheetpath names="/" tstamps="/"/>
      <tstamp>5E9600F9</tstamp>
    </comp>
    <comp ref="R9">
      <value>10k</value>
      <footprint>Resistors:0805</footprint>
      <datasheet>~</datasheet>
      <libsource lib="Device" part="R_US" description="Resistor, US symbol"/>
      <sheetpath names="/" tstamps="/"/>
      <tstamp>5EBFFD96</tstamp>
    </comp>
    <comp ref="R8">
      <value>10k</value>
      <footprint>Resistors:0805</footprint>
      <datasheet>~</datasheet>
      <libsource lib="Device" part="R_US" description="Resistor, US symbol"/>
      <sheetpath names="/" tstamps="/"/>
      <tstamp>5EC012A3</tstamp>
    </comp>
    <comp ref="JP1">
      <value>Jumper</value>
      <footprint>Jumpers:jumper-3pin-smd-dualside</footprint>
      <datasheet>~</datasheet>
      <libsource lib="Jumper" part="Jumper_3_Open" description="Jumper, 3-pole, both open"/>
      <sheetpath names="/" tstamps="/"/>
      <tstamp>5EC2CD4F</tstamp>
    </comp>
    <comp ref="J4">
      <value>03JST</value>
      <footprint>Connector_JST:JST_EH_B3B-EH-A_1x03_P2.50mm_Vertical</footprint>
      <libsource lib="SparkFun-Connectors" part="CONN_03JST-PTH" description="Multi connection point. Often used as Generic Header-pin footprint for 0.1 inch spaced/style header connections  &lt;b&gt;On any of the 0.1 inch spaced packages, you can populate with these:&lt;/b&gt;&lt;ul&gt;&lt;li&gt;&lt;a href=&quot;https://www.sparkfun.com/products/116&quot;&gt; Break Away Headers - Straight&lt;/a&gt; (PRT-00116)&lt;/li&gt;&lt;li&gt;&lt;a href=&quot;https://www.sparkfun.com/products/553&quot;&gt; Break Away Male Headers - Right Angle&lt;/a&gt; (PRT-00553)&lt;/li&gt;&lt;li&gt;&lt;a href=&quot;https://www.sparkfun.com/products/115&quot;&gt; Female Headers&lt;/a&gt; (PRT-00115)&lt;/li&gt;&lt;li&gt;&lt;a href=&quot;https://www.sparkfun.com/products/117&quot;&gt; Break Away Headers - Machine Pin&lt;/a&gt; (PRT-00117)&lt;/li&gt;&lt;li&gt;&lt;a href=&quot;https://www.sparkfun.com/products/743&quot;&gt; Break Away Female Headers - Swiss Machine Pin&lt;/a&gt; (PRT-00743)&lt;/li&gt;&lt;li&gt;&lt;a href=&quot;https://www.sparkfun.com/products/13875&quot;&gt; Stackable Header - 3 Pin (Female, 0.1&quot;)&lt;/a&gt; (PRT-13875)&lt;/li&gt;&lt;/ul&gt; &lt;b&gt; For SCREWTERMINALS and SPRING TERMINALS visit here:&lt;/b&gt;&lt;ul&gt;&lt;li&gt;&lt;a href=&quot;https://www.sparkfun.com/search/results?term=Screw+Terminals&quot;&gt; Screw Terimnals on SparkFun.com&lt;/a&gt; (5mm/3.5mm/2.54mm spacing)&lt;/li&gt;&lt;/ul&gt; &lt;b&gt;This device is also useful as a general connection point to wire up your design to another part of your project. Our various solder wires solder well into these plated through hole pads.&lt;/b&gt;&lt;ul&gt;&lt;li&gt;&lt;a href=&quot;https://www.sparkfun.com/products/11375&quot;&gt; Hook-Up Wire - Assortment (Stranded, 22 AWG)&lt;/a&gt; (PRT-11375)&lt;/li&gt;&lt;li&gt;&lt;a href=&quot;https://www.sparkfun.com/products/11367&quot;&gt; Hook-Up Wire - Assortment (Solid Core, 22 AWG)&lt;/a&gt; (PRT-11367)&lt;/li&gt;&lt;li&gt;&lt;a href=&quot;https://www.sparkfun.com/categories/141&quot;&gt; View the entire wire category on our website here&lt;/a&gt;&lt;/li&gt; &lt;/ul&gt; &lt;b&gt;Special notes:&lt;/b&gt;     Molex polarized connector foot print use with SKU : PRT-08232 with associated crimp pins and housings."/>
      <sheetpath names="/" tstamps="/"/>
      <tstamp>5EC7354F</tstamp>
    </comp>
    <comp ref="J5">
      <value>CONN_05JST</value>
      <footprint>Connector_JST:JST_EH_B5B-EH-A_1x05_P2.50mm_Vertical</footprint>
      <libsource lib="SparkFun-Connectors" part="CONN_05JST" description="Multi connection point. Often used as Generic Header-pin footprint for 0.1 inch spaced/style header connections  &lt;b&gt;On any of the 0.1 inch spaced packages, you can populate with these:&lt;/b&gt;&lt;ul&gt;&lt;li&gt;&lt;a href=&quot;https://www.sparkfun.com/products/116&quot;&gt; Break Away Headers - Straight&lt;/a&gt; (PRT-00116)&lt;/li&gt;&lt;li&gt;&lt;a href=&quot;https://www.sparkfun.com/products/553&quot;&gt; Break Away Male Headers - Right Angle&lt;/a&gt; (PRT-00553)&lt;/li&gt;&lt;li&gt;&lt;a href=&quot;https://www.sparkfun.com/products/115&quot;&gt; Female Headers&lt;/a&gt; (PRT-00115)&lt;/li&gt;&lt;li&gt;&lt;a href=&quot;https://www.sparkfun.com/products/117&quot;&gt; Break Away Headers - Machine Pin&lt;/a&gt; (PRT-00117)&lt;/li&gt;&lt;li&gt;&lt;a href=&quot;https://www.sparkfun.com/products/743&quot;&gt; Break Away Female Headers - Swiss Machine Pin&lt;/a&gt; (PRT-00743)&lt;/li&gt;&lt;/ul&gt; &lt;b&gt; For SCREWTERMINALS and SPRING TERMINALS visit here:&lt;/b&gt;&lt;ul&gt;&lt;li&gt;&lt;a href=&quot;https://www.sparkfun.com/search/results?term=Screw+Terminals&quot;&gt; Screw Terimnals on SparkFun.com&lt;/a&gt; (5mm/3.5mm/2.54mm spacing)&lt;/li&gt;&lt;/ul&gt; &lt;b&gt;This device is also useful as a general connection point to wire up your design to another part of your project. Our various solder wires solder well into these plated through hole pads.&lt;/b&gt;&lt;ul&gt;&lt;li&gt;&lt;a href=&quot;https://www.sparkfun.com/products/11375&quot;&gt; Hook-Up Wire - Assortment (Stranded, 22 AWG)&lt;/a&gt; (PRT-11375)&lt;/li&gt;&lt;li&gt;&lt;a href=&quot;https://www.sparkfun.com/products/11367&quot;&gt; Hook-Up Wire - Assortment (Solid Core, 22 AWG)&lt;/a&gt; (PRT-11367)&lt;/li&gt;&lt;li&gt;&lt;a href=&quot;https://www.sparkfun.com/categories/141&quot;&gt; View the entire wire category on our website here&lt;/a&gt;&lt;/li&gt; &lt;/ul&gt; &lt;b&gt;Special notes:&lt;/b&gt;   Molex polarized connector foot print use with SKU : PRT-08231 with associated crimp pins and housings. 1MM SMD Version SKU: PRT-10208"/>
      <sheetpath names="/" tstamps="/"/>
      <tstamp>5EC994E6</tstamp>
    </comp>
    <comp ref="J6">
      <value>CONN_02JST-PTH-2</value>
      <footprint>Connector_JST:JST_EH_B2B-EH-A_1x02_P2.50mm_Vertical</footprint>
      <libsource lib="SparkFun-Connectors" part="CONN_02JST-PTH-2" description="Multi connection point. Often used as Generic Header-pin footprint for 0.1 inch spaced/style header connections  &lt;b&gt;On any of the 0.1 inch spaced packages, you can populate with these:&lt;/b&gt;&lt;ul&gt;&lt;li&gt;&lt;a href=&quot;https://www.sparkfun.com/products/116&quot;&gt; Break Away Headers - Straight&lt;/a&gt; (PRT-00116)&lt;/li&gt;&lt;li&gt;&lt;a href=&quot;https://www.sparkfun.com/products/553&quot;&gt; Break Away Male Headers - Right Angle&lt;/a&gt; (PRT-00553)&lt;/li&gt;&lt;li&gt;&lt;a href=&quot;https://www.sparkfun.com/products/115&quot;&gt; Female Headers&lt;/a&gt; (PRT-00115)&lt;/li&gt;&lt;li&gt;&lt;a href=&quot;https://www.sparkfun.com/products/117&quot;&gt; Break Away Headers - Machine Pin&lt;/a&gt; (PRT-00117)&lt;/li&gt;&lt;li&gt;&lt;a href=&quot;https://www.sparkfun.com/products/743&quot;&gt; Break Away Female Headers - Swiss Machine Pin&lt;/a&gt; (PRT-00743)&lt;/li&gt;&lt;/ul&gt; &lt;b&gt; For SCREWTERMINALS and SPRING TERMINALS visit here:&lt;/b&gt;&lt;ul&gt;&lt;li&gt;&lt;a href=&quot;https://www.sparkfun.com/search/results?term=Screw+Terminals&quot;&gt; Screw Terimnals on SparkFun.com&lt;/a&gt; (5mm/3.5mm/2.54mm spacing)&lt;/li&gt;&lt;/ul&gt; &lt;b&gt;This device is also useful as a general connection point to wire up your design to another part of your project. Our various solder wires solder well into these plated through hole pads.&lt;/b&gt;&lt;ul&gt;&lt;li&gt;&lt;a href=&quot;https://www.sparkfun.com/products/11375&quot;&gt; Hook-Up Wire - Assortment (Stranded, 22 AWG)&lt;/a&gt; (PRT-11375)&lt;/li&gt;&lt;li&gt;&lt;a href=&quot;https://www.sparkfun.com/products/11367&quot;&gt; Hook-Up Wire - Assortment (Solid Core, 22 AWG)&lt;/a&gt; (PRT-11367)&lt;/li&gt;&lt;li&gt;&lt;a href=&quot;https://www.sparkfun.com/categories/141&quot;&gt; View the entire wire category on our website here&lt;/a&gt;&lt;/li&gt; &lt;/ul&gt; &lt;b&gt;Special notes:&lt;/b&gt; Molex polarized connector foot print use with: PRT-08233 with associated crimp pins and housings.&lt;br&gt;&lt;br&gt;2.54_SCREWTERM for use with  PRT-10571.&lt;br&gt;&lt;br&gt;3.5mm Screw Terminal footprints for  PRT-08084&lt;br&gt;&lt;br&gt;5mm Screw Terminal footprints for use with PRT-08432"/>
      <sheetpath names="/" tstamps="/"/>
      <tstamp>5E95410B</tstamp>
    </comp>
    <comp ref="U2">
      <value>LM35-NEB</value>
      <footprint>Package_TO_SOT_THT:TO-92</footprint>
      <datasheet>http://www.ti.com/lit/ds/symlink/lm35.pdf</datasheet>
      <libsource lib="Sensor_Temperature" part="LM35-NEB" description="Precision centigrade temperature sensor, TO-220"/>
      <sheetpath names="/" tstamps="/"/>
      <tstamp>5E9582AE</tstamp>
    </comp>
    <comp ref="D1">
      <value>LED-BLUE1206</value>
      <footprint>LED:LED-1206</footprint>
      <libsource lib="SparkFun-LED" part="LED-BLUE1206" description="Blue SMD LED Used in manufacturing of various products at SparkFun &lt;b&gt;Packages:&lt;/b&gt;&lt;ul&gt;&lt;li&gt;&lt;b&gt;0603&lt;/b&gt; - SMD 0603 package &lt;a href=&quot;http://www.digikey.com/product-detail/en/SMLE12BC7TT86/511-1589-2-ND/1641808&quot;&gt;[Product Link]&lt;/li&gt;&lt;li&gt;&lt;b&gt;1206&lt;/b&gt; - SMD1206  package &lt;a href=&quot;http://www.digikey.com/product-detail/en/lite-on-inc/LTST-C150TBKT/160-1643-1-ND/573584&quot;&gt;[Product Link]&lt;/li&gt;&lt;ul&gt; &lt;b&gt;SparkFun Products:&lt;/b&gt;&lt;ul&gt;&lt;li&gt;&lt;a href= https://www.sparkfun.com/products/13711 &gt;ESP8266 Thing-Dev Board&lt;/a&gt;&lt;/li&gt;&lt;li&gt;&lt;a href= https://www.sparkfun.com/products/12757 &gt;RedBoard&lt;/a&gt;&lt;/li&gt;&lt;/ul&gt;"/>
      <sheetpath names="/" tstamps="/"/>
      <tstamp>5E9C595F</tstamp>
    </comp>
    <comp ref="S1">
      <value>sw</value>
      <footprint>Switches:TACTILE_SWITCH_SMD_6.0X3.5MM</footprint>
      <libsource lib="SparkFun-Switches" part="MOMENTARY-SWITCH-SPST-SMD-6.0X3.5MM" description="Momentary Switch (Pushbutton) - SPST Normally-open (NO) SPST momentary switches (buttons, pushbuttons). &lt;h4&gt;Variants&lt;/h4&gt;&lt;h5&gt;PTH-12MM - 12mm square, through-hole&lt;/h5&gt;&lt;ul&gt;&lt;li&gt;&lt;a href=&quot;https://www.sparkfun.com/products/9190&quot;&gt;Momentary Pushbutton Switch - 12mm Square&lt;/a&gt; (COM-09190)&lt;/li&gt;&lt;/ul&gt;&lt;h5&gt;PTH-6.0MM, PTH-6.0MM-KIT - 6.0mm square, through-hole&lt;/h5&gt;&lt;ul&gt;&lt;li&gt;&lt;a href=&quot;https://www.sparkfun.com/products/97&quot;&gt;Mini Pushbutton Switch&lt;/a&gt; (COM-00097)&lt;/li&gt;&lt;li&gt;KIT package intended for soldering kit's - only one side of pads' copper is exposed.&lt;/li&gt;&lt;/ul&gt;&lt;h5&gt;PTH-RIGHT-ANGLE-KIT - Right-angle, through-hole&lt;/h5&gt;&lt;ul&gt;&lt;li&gt;&lt;a href=&quot;https://www.sparkfun.com/products/10791&quot;&gt;Right Angle Tactile Button&lt;/a&gt; - Used on &lt;a href=&quot;https://www.sparkfun.com/products/11734&quot;&gt;SparkFun BigTime Watch Kit&lt;/a&gt;&lt;/li&gt;&lt;/ul&gt;&lt;h5&gt;SMD-12MM - 12mm square, surface-mount&lt;/h5&gt;&lt;ul&gt;&lt;li&gt;&lt;a href=&quot;https://www.sparkfun.com/products/12993&quot;&gt;Tactile Button - SMD (12mm)&lt;/a&gt; (COM-12993)&lt;/li&gt;&lt;li&gt;Used on &lt;a href=&quot;https://www.sparkfun.com/products/11888&quot;&gt;SparkFun PicoBoard&lt;/a&gt;&lt;/li&gt;&lt;/ul&gt;&lt;h5&gt;SMD-4.5MM - 4.5mm Square Trackball Switch&lt;/h5&gt;&lt;ul&gt;&lt;li&gt;Used on &lt;a href=&quot;https://www.sparkfun.com/products/13169&quot;&gt;SparkFun Blackberry Trackballer Breakout&lt;/a&gt;&lt;/li&gt;&lt;/ul&gt;&lt;h5&gt;SMD-4.6MMX2.8MM -  4.60mm x 2.80mm, surface mount&lt;/h5&gt;&lt;ul&gt;&lt;li&gt;Used on &lt;a href=&quot;https://www.sparkfun.com/products/13664&quot;&gt;SparkFun SAMD21 Mini Breakout&lt;/a&gt;&lt;/li&gt;&lt;/ul&gt;&lt;h5&gt;SMD-5.2MM, SMD-5.2-REDUNDANT - 5.2mm square, surface-mount&lt;/h5&gt;&lt;ul&gt;&lt;li&gt;&lt;a href=&quot;https://www.sparkfun.com/products/8720&quot;&gt;Mini Pushbutton Switch - SMD&lt;/a&gt; (COM-08720)&lt;/li&gt;&lt;li&gt;Used on &lt;a href=&quot;https://www.sparkfun.com/products/11114&quot;&gt;Arduino Pro Mini&lt;/a&gt;&lt;/li&gt;&lt;li&gt;REDUNDANT package connects both switch circuits together&lt;/li&gt;&lt;/ul&gt;&lt;h5&gt;SMD-6.0X3.5MM - 6.0 x 3.5mm, surface mount&lt;/h5&gt;&lt;ul&gt;&lt;li&gt;&lt;a href=&quot;https://www.sparkfun.com/products/8229&quot;&gt;Momentary Reset Switch SMD&lt;/a&gt; (COM-08229)&lt;/li&gt;&lt;/ul&gt;&lt;h5&gt;SMD-6.2MM-TALL - 6.2mm square, surface mount&lt;/h5&gt;&lt;ul&gt;&lt;li&gt;&lt;a href=&quot;https://www.sparkfun.com/products/12992&quot;&gt;Tactile Button - SMD (6mm)&lt;/a&gt;&lt;/li&gt;&lt;li&gt;Used on &lt;a href=&quot;https://www.sparkfun.com/products/12651&quot;&gt;SparkFun Digital Sandbox&lt;/a&gt;&lt;/li&gt;&lt;/ul&gt;&lt;h5&gt;SMD-RIGHT-ANGLE - Right-angle, surface mount&lt;/h5&gt;&lt;ul&gt;&lt;li&gt;Used on &lt;a href=&quot;https://www.sparkfun.com/products/13036&quot;&gt;SparkFun Block for Intel  Edison - Arduino&lt;/a&gt;&lt;/li&gt;&lt;/ul&gt;"/>
      <sheetpath names="/" tstamps="/"/>
      <tstamp>5E9FDCD4</tstamp>
    </comp>
    <comp ref="S2">
      <value>sw</value>
      <footprint>Switches:TACTILE_SWITCH_SMD_6.0X3.5MM</footprint>
      <libsource lib="SparkFun-Switches" part="MOMENTARY-SWITCH-SPST-SMD-6.0X3.5MM" description="Momentary Switch (Pushbutton) - SPST Normally-open (NO) SPST momentary switches (buttons, pushbuttons). &lt;h4&gt;Variants&lt;/h4&gt;&lt;h5&gt;PTH-12MM - 12mm square, through-hole&lt;/h5&gt;&lt;ul&gt;&lt;li&gt;&lt;a href=&quot;https://www.sparkfun.com/products/9190&quot;&gt;Momentary Pushbutton Switch - 12mm Square&lt;/a&gt; (COM-09190)&lt;/li&gt;&lt;/ul&gt;&lt;h5&gt;PTH-6.0MM, PTH-6.0MM-KIT - 6.0mm square, through-hole&lt;/h5&gt;&lt;ul&gt;&lt;li&gt;&lt;a href=&quot;https://www.sparkfun.com/products/97&quot;&gt;Mini Pushbutton Switch&lt;/a&gt; (COM-00097)&lt;/li&gt;&lt;li&gt;KIT package intended for soldering kit's - only one side of pads' copper is exposed.&lt;/li&gt;&lt;/ul&gt;&lt;h5&gt;PTH-RIGHT-ANGLE-KIT - Right-angle, through-hole&lt;/h5&gt;&lt;ul&gt;&lt;li&gt;&lt;a href=&quot;https://www.sparkfun.com/products/10791&quot;&gt;Right Angle Tactile Button&lt;/a&gt; - Used on &lt;a href=&quot;https://www.sparkfun.com/products/11734&quot;&gt;SparkFun BigTime Watch Kit&lt;/a&gt;&lt;/li&gt;&lt;/ul&gt;&lt;h5&gt;SMD-12MM - 12mm square, surface-mount&lt;/h5&gt;&lt;ul&gt;&lt;li&gt;&lt;a href=&quot;https://www.sparkfun.com/products/12993&quot;&gt;Tactile Button - SMD (12mm)&lt;/a&gt; (COM-12993)&lt;/li&gt;&lt;li&gt;Used on &lt;a href=&quot;https://www.sparkfun.com/products/11888&quot;&gt;SparkFun PicoBoard&lt;/a&gt;&lt;/li&gt;&lt;/ul&gt;&lt;h5&gt;SMD-4.5MM - 4.5mm Square Trackball Switch&lt;/h5&gt;&lt;ul&gt;&lt;li&gt;Used on &lt;a href=&quot;https://www.sparkfun.com/products/13169&quot;&gt;SparkFun Blackberry Trackballer Breakout&lt;/a&gt;&lt;/li&gt;&lt;/ul&gt;&lt;h5&gt;SMD-4.6MMX2.8MM -  4.60mm x 2.80mm, surface mount&lt;/h5&gt;&lt;ul&gt;&lt;li&gt;Used on &lt;a href=&quot;https://www.sparkfun.com/products/13664&quot;&gt;SparkFun SAMD21 Mini Breakout&lt;/a&gt;&lt;/li&gt;&lt;/ul&gt;&lt;h5&gt;SMD-5.2MM, SMD-5.2-REDUNDANT - 5.2mm square, surface-mount&lt;/h5&gt;&lt;ul&gt;&lt;li&gt;&lt;a href=&quot;https://www.sparkfun.com/products/8720&quot;&gt;Mini Pushbutton Switch - SMD&lt;/a&gt; (COM-08720)&lt;/li&gt;&lt;li&gt;Used on &lt;a href=&quot;https://www.sparkfun.com/products/11114&quot;&gt;Arduino Pro Mini&lt;/a&gt;&lt;/li&gt;&lt;li&gt;REDUNDANT package connects both switch circuits together&lt;/li&gt;&lt;/ul&gt;&lt;h5&gt;SMD-6.0X3.5MM - 6.0 x 3.5mm, surface mount&lt;/h5&gt;&lt;ul&gt;&lt;li&gt;&lt;a href=&quot;https://www.sparkfun.com/products/8229&quot;&gt;Momentary Reset Switch SMD&lt;/a&gt; (COM-08229)&lt;/li&gt;&lt;/ul&gt;&lt;h5&gt;SMD-6.2MM-TALL - 6.2mm square, surface mount&lt;/h5&gt;&lt;ul&gt;&lt;li&gt;&lt;a href=&quot;https://www.sparkfun.com/products/12992&quot;&gt;Tactile Button - SMD (6mm)&lt;/a&gt;&lt;/li&gt;&lt;li&gt;Used on &lt;a href=&quot;https://www.sparkfun.com/products/12651&quot;&gt;SparkFun Digital Sandbox&lt;/a&gt;&lt;/li&gt;&lt;/ul&gt;&lt;h5&gt;SMD-RIGHT-ANGLE - Right-angle, surface mount&lt;/h5&gt;&lt;ul&gt;&lt;li&gt;Used on &lt;a href=&quot;https://www.sparkfun.com/products/13036&quot;&gt;SparkFun Block for Intel  Edison - Arduino&lt;/a&gt;&lt;/li&gt;&lt;/ul&gt;"/>
      <sheetpath names="/" tstamps="/"/>
      <tstamp>5E9FF00D</tstamp>
    </comp>
    <comp ref="SW1">
      <value>SW_SPST</value>
      <footprint>Button_Switch_THT:SW_Tactile_SPST_Angled_PTS645Vx83-2LFS</footprint>
      <datasheet>~</datasheet>
      <libsource lib="Switch" part="SW_SPST" description="Single Pole Single Throw (SPST) switch"/>
      <sheetpath names="/" tstamps="/"/>
      <tstamp>5E9FA249</tstamp>
    </comp>
    <comp ref="R18">
      <value>470e</value>
      <footprint>Resistors:0805</footprint>
      <datasheet>~</datasheet>
      <libsource lib="Device" part="R_US" description="Resistor, US symbol"/>
      <sheetpath names="/" tstamps="/"/>
      <tstamp>5EABDAC4</tstamp>
    </comp>
    <comp ref="D2">
      <value>LED-BLUE1206</value>
      <footprint>LED:LED-1206</footprint>
      <libsource lib="SparkFun-LED" part="LED-BLUE1206" description="Blue SMD LED Used in manufacturing of various products at SparkFun &lt;b&gt;Packages:&lt;/b&gt;&lt;ul&gt;&lt;li&gt;&lt;b&gt;0603&lt;/b&gt; - SMD 0603 package &lt;a href=&quot;http://www.digikey.com/product-detail/en/SMLE12BC7TT86/511-1589-2-ND/1641808&quot;&gt;[Product Link]&lt;/li&gt;&lt;li&gt;&lt;b&gt;1206&lt;/b&gt; - SMD1206  package &lt;a href=&quot;http://www.digikey.com/product-detail/en/lite-on-inc/LTST-C150TBKT/160-1643-1-ND/573584&quot;&gt;[Product Link]&lt;/li&gt;&lt;ul&gt; &lt;b&gt;SparkFun Products:&lt;/b&gt;&lt;ul&gt;&lt;li&gt;&lt;a href= https://www.sparkfun.com/products/13711 &gt;ESP8266 Thing-Dev Board&lt;/a&gt;&lt;/li&gt;&lt;li&gt;&lt;a href= https://www.sparkfun.com/products/12757 &gt;RedBoard&lt;/a&gt;&lt;/li&gt;&lt;/ul&gt;"/>
      <sheetpath names="/" tstamps="/"/>
      <tstamp>5EABE789</tstamp>
    </comp>
  </components>
  <libparts>
    <libpart lib="Device" part="C">
      <description>Unpolarized capacitor</description>
      <docs>~</docs>
      <footprints>
        <fp>C_*</fp>
      </footprints>
      <fields>
        <field name="Reference">C</field>
        <field name="Value">C</field>
      </fields>
      <pins>
        <pin num="1" name="~" type="passive"/>
        <pin num="2" name="~" type="passive"/>
      </pins>
    </libpart>
    <libpart lib="Device" part="R_US">
      <description>Resistor, US symbol</description>
      <docs>~</docs>
      <footprints>
        <fp>R_*</fp>
      </footprints>
      <fields>
        <field name="Reference">R</field>
        <field name="Value">R_US</field>
      </fields>
      <pins>
        <pin num="1" name="~" type="passive"/>
        <pin num="2" name="~" type="passive"/>
      </pins>
    </libpart>
    <libpart lib="Jumper" part="Jumper_3_Open">
      <description>Jumper, 3-pole, both open</description>
      <docs>~</docs>
      <footprints>
        <fp>SolderJumper*Open*</fp>
      </footprints>
      <fields>
        <field name="Reference">JP</field>
        <field name="Value">Jumper_3_Open</field>
      </fields>
      <pins>
        <pin num="1" name="A" type="passive"/>
        <pin num="2" name="C" type="input"/>
        <pin num="3" name="B" type="passive"/>
      </pins>
    </libpart>
    <libpart lib="OLED_128x64_I2C" part="OLED_I2C">
      <description>Two Wire 128x64 Oled</description>
      <fields>
        <field name="Reference">dis</field>
        <field name="Value">OLED_I2C</field>
      </fields>
      <pins>
        <pin num="1" name="vcc" type="power_in"/>
        <pin num="2" name="Gnd" type="power_in"/>
        <pin num="3" name="SCL" type="power_in"/>
        <pin num="4" name="SDA" type="BiDi"/>
      </pins>
    </libpart>
    <libpart lib="RF_Module" part="ESP-12E">
      <aliases>
        <alias>ESP-12F</alias>
      </aliases>
      <description>802.11 b/g/n Wi-Fi Module</description>
      <docs>http://wiki.ai-thinker.com/_media/esp8266/esp8266_series_modules_user_manual_v1.1.pdf</docs>
      <footprints>
        <fp>ESP?12*</fp>
      </footprints>
      <fields>
        <field name="Reference">U</field>
        <field name="Value">ESP-12E</field>
        <field name="Footprint">RF_Module:ESP-12E</field>
      </fields>
      <pins>
        <pin num="1" name="~RST" type="input"/>
        <pin num="2" name="ADC" type="input"/>
        <pin num="3" name="EN" type="input"/>
        <pin num="4" name="GPIO16" type="BiDi"/>
        <pin num="5" name="GPIO14" type="BiDi"/>
        <pin num="6" name="GPIO12" type="BiDi"/>
        <pin num="7" name="GPIO13" type="BiDi"/>
        <pin num="8" name="VCC" type="power_in"/>
        <pin num="9" name="CS0" type="input"/>
        <pin num="10" name="MISO" type="BiDi"/>
        <pin num="11" name="GPIO9" type="BiDi"/>
        <pin num="12" name="GPIO10" type="BiDi"/>
        <pin num="13" name="MOSI" type="BiDi"/>
        <pin num="14" name="SCLK" type="BiDi"/>
        <pin num="15" name="GND" type="power_in"/>
        <pin num="16" name="GPIO15" type="BiDi"/>
        <pin num="17" name="GPIO2" type="BiDi"/>
        <pin num="18" name="GPIO0" type="BiDi"/>
        <pin num="19" name="GPIO4" type="BiDi"/>
        <pin num="20" name="GPIO5" type="BiDi"/>
        <pin num="21" name="GPIO3/RXD" type="BiDi"/>
        <pin num="22" name="GPIO1/TXD" type="BiDi"/>
      </pins>
    </libpart>
    <libpart lib="Regulator_Linear" part="AP1117-15">
      <aliases>
        <alias>AP1117-18</alias>
        <alias>AP1117-25</alias>
        <alias>AP1117-33</alias>
        <alias>AP1117-50</alias>
        <alias>LD1117S33TR_SOT223</alias>
        <alias>LD1117S12TR_SOT223</alias>
        <alias>LD1117S18TR_SOT223</alias>
        <alias>LD1117S25TR_SOT223</alias>
        <alias>LD1117S50TR_SOT223</alias>
        <alias>NCP1117-12_SOT223</alias>
        <alias>NCP1117-1.5_SOT223</alias>
        <alias>NCP1117-1.8_SOT223</alias>
        <alias>NCP1117-2.0_SOT223</alias>
        <alias>NCP1117-2.5_SOT223</alias>
        <alias>NCP1117-2.85_SOT223</alias>
        <alias>NCP1117-3.3_SOT223</alias>
        <alias>NCP1117-5.0_SOT223</alias>
        <alias>AMS1117-1.5</alias>
        <alias>AMS1117-1.8</alias>
        <alias>AMS1117-2.5</alias>
        <alias>AMS1117-2.85</alias>
        <alias>AMS1117-3.3</alias>
        <alias>AMS1117-5.0</alias>
      </aliases>
      <description>1A Low Dropout regulator, positive, 1.5V fixed output, SOT-223</description>
      <docs>http://www.diodes.com/datasheets/AP1117.pdf</docs>
      <footprints>
        <fp>SOT?223*TabPin2*</fp>
      </footprints>
      <fields>
        <field name="Reference">U</field>
        <field name="Value">AP1117-15</field>
        <field name="Footprint">Package_TO_SOT_SMD:SOT-223-3_TabPin2</field>
      </fields>
      <pins>
        <pin num="1" name="GND" type="power_in"/>
        <pin num="2" name="VO" type="power_out"/>
        <pin num="3" name="VI" type="power_in"/>
      </pins>
    </libpart>
    <libpart lib="Sensor_Temperature" part="LM35-NEB">
      <description>Precision centigrade temperature sensor, TO-220</description>
      <docs>http://www.ti.com/lit/ds/symlink/lm35.pdf</docs>
      <footprints>
        <fp>TO?220*</fp>
      </footprints>
      <fields>
        <field name="Reference">U</field>
        <field name="Value">LM35-NEB</field>
      </fields>
      <pins>
        <pin num="1" name="+VS" type="power_in"/>
        <pin num="2" name="GND" type="power_in"/>
        <pin num="3" name="Vout" type="output"/>
      </pins>
    </libpart>
    <libpart lib="SparkFun-Batteries" part="BATTERY-20MM_PTH">
      <description>Battery - Single Cell A variety of battery chemistries, sizes, and footprints. Device List:&lt;ul&gt;&lt;li&gt;&lt;b&gt;20MM_PTH - &lt;/b&gt; &lt;a href="https://www.sparkfun.com/products/783"&gt;Coin Cell Battery Holder - 20mm (PTH)&lt;/a&gt;&lt;/li&gt;&lt;li&gt;&lt;b&gt;6.8MM_PTH - &lt;/b&gt; &lt;a href="https://www.digikey.com/product-detail/en/seiko-instruments/MS621FE-FL11E/728-1057-ND/1889208?WT.srch=1&amp;gclid=CNOQ5a6LzdQCFZS2wAodXCkE0g"&gt;Coin Cell Battery Holder - 6.8MM(SMD)&lt;/a&gt;&lt;/li&gt;&lt;li&gt;&lt;b&gt;12MM_SMD - &lt;/b&gt; &lt;a href="https://www.sparkfun.com/products/10592"&gt;Coin Cell Battery Holder - 12mm (SMD)&lt;/a&gt;&lt;/li&gt;&lt;li&gt;&lt;b&gt;12MM_PTH - &lt;/b&gt;&lt;a href="https://www.sparkfun.com/products/7948"&gt;Coin Cell Battery Holder - 12mm (PTH)&lt;/a&gt;&lt;/li&gt;&lt;li&gt;&lt;b&gt;20MM_SMD - &lt;/b&gt; 20mm Coin Cell Battery Holder (SMD) (2 legs)&lt;/li&gt;&lt;ul&gt;&lt;li&gt;Used on the &lt;a href="https://www.sparkfun.com/products/11734"&gt;Big Time Watch Kit&lt;/a&gt;&lt;/li&gt;&lt;/ul&gt;&lt;li&gt;&lt;b&gt;20MM_SMD_4LEGS - &lt;/b&gt; &lt;a href="https://www.sparkfun.com/products/11892"&gt;Coin Cell Battery Holder - 20mm (SMD)&lt;/a&gt;&lt;/li&gt;&lt;li&gt;&lt;b&gt;20MM_SMD_4LEGS_OVERPASTE - &lt;/b&gt; &lt;a href="https://www.sparkfun.com/products/11892"&gt;Coin Cell Battery Holder - 20mm (SMD)&lt;/a&gt; (Over-paste on the legs)&lt;/li&gt;&lt;li&gt;&lt;b&gt;24.5MM_PTH - &lt;/b&gt; &lt;a href="https://www.sparkfun.com/products/8863"&gt;Coin Cell Battery Holder - 24.5mm (PTH)&lt;/a&gt;&lt;/li&gt;&lt;li&gt;&lt;b&gt;9V - &lt;/b&gt; 9V Battery Holder - PC Mount &lt;/li&gt;&lt;ul&gt;&lt;li&gt;Used on the &lt;a href="https://www.sparkfun.com/products/11177"&gt;SparkFun SparkPunk Sound Kit &lt;/a&gt; and &lt;a href="https://www.sparkfun.com/products/12707"&gt;SparkFun SparkPunk Sequencer Kit &lt;/a&gt;&lt;/li&gt;&lt;/ul&gt;&lt;li&gt;&lt;b&gt;18650 - &lt;/b&gt; &lt;a href="https://www.sparkfun.com/products/13113"&gt;Battery Holder - 18650 (PTH)&lt;/a&gt;&lt;/li&gt;&lt;li&gt;&lt;b&gt;AA - &lt;/b&gt; &lt;a href="https://www.sparkfun.com/products/7949"&gt;Battery Holder - 1xAA (PTH)&lt;/a&gt;&lt;/li&gt;&lt;li&gt;&lt;b&gt;AAA - &lt;/b&gt; &lt;a href="https://www.sparkfun.com/products/12718"&gt;Battery Holder - 1xAAA (PTH)&lt;/a&gt;&lt;/li&gt;&lt;li&gt;&lt;b&gt;AA_KIT - &lt;/b&gt; &lt;a href="https://www.sparkfun.com/products/7949"&gt;Battery Holder - 1xAA (PTH)&lt;/a&gt;&lt;/li&gt;&lt;ul&gt;&lt;li&gt;Special kit package - pads only have exposed copper on one side of the board.&lt;/li&gt;&lt;/ul&gt;&lt;li&gt;&lt;b&gt;AAA_KIT - &lt;/b&gt; &lt;a href="https://www.sparkfun.com/products/12718"&gt;Battery Holder - 1xAAA (PTH)&lt;/a&gt;&lt;/li&gt;&lt;ul&gt;&lt;li&gt;Special kit package - pads only have exposed copper on one side of the board.&lt;/li&gt;&lt;/ul&gt;&lt;/ul&gt;</description>
      <footprints>
        <fp>*BATTCOM_20MM_PTH*</fp>
        <fp>*BATTCON_20MM*</fp>
        <fp>*BATTCON_20MM_4LEGS_OVERPASTE*</fp>
      </footprints>
      <fields>
        <field name="Reference">BT</field>
        <field name="Value">BATTERY-20MM_PTH</field>
        <field name="Footprint">BATTCOM_20MM_PTH</field>
        <field name="Field4">BATT-09031</field>
      </fields>
      <pins>
        <pin num="1" name="+" type="power_in"/>
        <pin num="2" name="-" type="power_in"/>
      </pins>
    </libpart>
    <libpart lib="SparkFun-Capacitors" part="10UF-POLAR-EIA3216-16V-10%_TANT_">
      <description>10.0uF polarized capacitors A capacitor is a passive two-terminal electrical component used to store electrical energy temporarily in an electric field.</description>
      <footprints>
        <fp>*EIA3216*</fp>
      </footprints>
      <fields>
        <field name="Reference">C</field>
        <field name="Value">10UF-POLAR-EIA3216-16V-10%_TANT_</field>
        <field name="Footprint">EIA3216</field>
        <field name="Field4">CAP-00811</field>
      </fields>
      <pins>
        <pin num="+" name="+" type="passive"/>
        <pin num="-" name="-" type="passive"/>
      </pins>
    </libpart>
    <libpart lib="SparkFun-Connectors" part="CONN_02JST-PTH-2">
      <description>Multi connection point. Often used as Generic Header-pin footprint for 0.1 inch spaced/style header connections  &lt;b&gt;On any of the 0.1 inch spaced packages, you can populate with these:&lt;/b&gt;&lt;ul&gt;&lt;li&gt;&lt;a href="https://www.sparkfun.com/products/116"&gt; Break Away Headers - Straight&lt;/a&gt; (PRT-00116)&lt;/li&gt;&lt;li&gt;&lt;a href="https://www.sparkfun.com/products/553"&gt; Break Away Male Headers - Right Angle&lt;/a&gt; (PRT-00553)&lt;/li&gt;&lt;li&gt;&lt;a href="https://www.sparkfun.com/products/115"&gt; Female Headers&lt;/a&gt; (PRT-00115)&lt;/li&gt;&lt;li&gt;&lt;a href="https://www.sparkfun.com/products/117"&gt; Break Away Headers - Machine Pin&lt;/a&gt; (PRT-00117)&lt;/li&gt;&lt;li&gt;&lt;a href="https://www.sparkfun.com/products/743"&gt; Break Away Female Headers - Swiss Machine Pin&lt;/a&gt; (PRT-00743)&lt;/li&gt;&lt;/ul&gt; &lt;b&gt; For SCREWTERMINALS and SPRING TERMINALS visit here:&lt;/b&gt;&lt;ul&gt;&lt;li&gt;&lt;a href="https://www.sparkfun.com/search/results?term=Screw+Terminals"&gt; Screw Terimnals on SparkFun.com&lt;/a&gt; (5mm/3.5mm/2.54mm spacing)&lt;/li&gt;&lt;/ul&gt; &lt;b&gt;This device is also useful as a general connection point to wire up your design to another part of your project. Our various solder wires solder well into these plated through hole pads.&lt;/b&gt;&lt;ul&gt;&lt;li&gt;&lt;a href="https://www.sparkfun.com/products/11375"&gt; Hook-Up Wire - Assortment (Stranded, 22 AWG)&lt;/a&gt; (PRT-11375)&lt;/li&gt;&lt;li&gt;&lt;a href="https://www.sparkfun.com/products/11367"&gt; Hook-Up Wire - Assortment (Solid Core, 22 AWG)&lt;/a&gt; (PRT-11367)&lt;/li&gt;&lt;li&gt;&lt;a href="https://www.sparkfun.com/categories/141"&gt; View the entire wire category on our website here&lt;/a&gt;&lt;/li&gt; &lt;/ul&gt; &lt;b&gt;Special notes:&lt;/b&gt; Molex polarized connector foot print use with: PRT-08233 with associated crimp pins and housings.&lt;br&gt;&lt;br&gt;2.54_SCREWTERM for use with  PRT-10571.&lt;br&gt;&lt;br&gt;3.5mm Screw Terminal footprints for  PRT-08084&lt;br&gt;&lt;br&gt;5mm Screw Terminal footprints for use with PRT-08432</description>
      <footprints>
        <fp>*JST-2-PTH*</fp>
      </footprints>
      <fields>
        <field name="Reference">J</field>
        <field name="Value">CONN_02JST-PTH-2</field>
        <field name="Footprint">JST-2-PTH</field>
        <field name="Field4">CONN-09863</field>
      </fields>
      <pins>
        <pin num="1" name="1" type="passive"/>
        <pin num="2" name="2" type="passive"/>
      </pins>
    </libpart>
    <libpart lib="SparkFun-Connectors" part="CONN_03JST-PTH">
      <description>Multi connection point. Often used as Generic Header-pin footprint for 0.1 inch spaced/style header connections  &lt;b&gt;On any of the 0.1 inch spaced packages, you can populate with these:&lt;/b&gt;&lt;ul&gt;&lt;li&gt;&lt;a href="https://www.sparkfun.com/products/116"&gt; Break Away Headers - Straight&lt;/a&gt; (PRT-00116)&lt;/li&gt;&lt;li&gt;&lt;a href="https://www.sparkfun.com/products/553"&gt; Break Away Male Headers - Right Angle&lt;/a&gt; (PRT-00553)&lt;/li&gt;&lt;li&gt;&lt;a href="https://www.sparkfun.com/products/115"&gt; Female Headers&lt;/a&gt; (PRT-00115)&lt;/li&gt;&lt;li&gt;&lt;a href="https://www.sparkfun.com/products/117"&gt; Break Away Headers - Machine Pin&lt;/a&gt; (PRT-00117)&lt;/li&gt;&lt;li&gt;&lt;a href="https://www.sparkfun.com/products/743"&gt; Break Away Female Headers - Swiss Machine Pin&lt;/a&gt; (PRT-00743)&lt;/li&gt;&lt;li&gt;&lt;a href="https://www.sparkfun.com/products/13875"&gt; Stackable Header - 3 Pin (Female, 0.1")&lt;/a&gt; (PRT-13875)&lt;/li&gt;&lt;/ul&gt; &lt;b&gt; For SCREWTERMINALS and SPRING TERMINALS visit here:&lt;/b&gt;&lt;ul&gt;&lt;li&gt;&lt;a href="https://www.sparkfun.com/search/results?term=Screw+Terminals"&gt; Screw Terimnals on SparkFun.com&lt;/a&gt; (5mm/3.5mm/2.54mm spacing)&lt;/li&gt;&lt;/ul&gt; &lt;b&gt;This device is also useful as a general connection point to wire up your design to another part of your project. Our various solder wires solder well into these plated through hole pads.&lt;/b&gt;&lt;ul&gt;&lt;li&gt;&lt;a href="https://www.sparkfun.com/products/11375"&gt; Hook-Up Wire - Assortment (Stranded, 22 AWG)&lt;/a&gt; (PRT-11375)&lt;/li&gt;&lt;li&gt;&lt;a href="https://www.sparkfun.com/products/11367"&gt; Hook-Up Wire - Assortment (Solid Core, 22 AWG)&lt;/a&gt; (PRT-11367)&lt;/li&gt;&lt;li&gt;&lt;a href="https://www.sparkfun.com/categories/141"&gt; View the entire wire category on our website here&lt;/a&gt;&lt;/li&gt; &lt;/ul&gt; &lt;b&gt;Special notes:&lt;/b&gt;     Molex polarized connector foot print use with SKU : PRT-08232 with associated crimp pins and housings.</description>
      <footprints>
        <fp>*JST-3-PTH*</fp>
      </footprints>
      <fields>
        <field name="Reference">J</field>
        <field name="Value">CONN_03JST-PTH</field>
        <field name="Footprint">JST-3-PTH</field>
        <field name="Field4">WIRE-10037</field>
      </fields>
      <pins>
        <pin num="1" name="1" type="passive"/>
        <pin num="2" name="2" type="passive"/>
        <pin num="3" name="3" type="passive"/>
      </pins>
    </libpart>
    <libpart lib="SparkFun-Connectors" part="CONN_05JST">
      <description>Multi connection point. Often used as Generic Header-pin footprint for 0.1 inch spaced/style header connections  &lt;b&gt;On any of the 0.1 inch spaced packages, you can populate with these:&lt;/b&gt;&lt;ul&gt;&lt;li&gt;&lt;a href="https://www.sparkfun.com/products/116"&gt; Break Away Headers - Straight&lt;/a&gt; (PRT-00116)&lt;/li&gt;&lt;li&gt;&lt;a href="https://www.sparkfun.com/products/553"&gt; Break Away Male Headers - Right Angle&lt;/a&gt; (PRT-00553)&lt;/li&gt;&lt;li&gt;&lt;a href="https://www.sparkfun.com/products/115"&gt; Female Headers&lt;/a&gt; (PRT-00115)&lt;/li&gt;&lt;li&gt;&lt;a href="https://www.sparkfun.com/products/117"&gt; Break Away Headers - Machine Pin&lt;/a&gt; (PRT-00117)&lt;/li&gt;&lt;li&gt;&lt;a href="https://www.sparkfun.com/products/743"&gt; Break Away Female Headers - Swiss Machine Pin&lt;/a&gt; (PRT-00743)&lt;/li&gt;&lt;/ul&gt; &lt;b&gt; For SCREWTERMINALS and SPRING TERMINALS visit here:&lt;/b&gt;&lt;ul&gt;&lt;li&gt;&lt;a href="https://www.sparkfun.com/search/results?term=Screw+Terminals"&gt; Screw Terimnals on SparkFun.com&lt;/a&gt; (5mm/3.5mm/2.54mm spacing)&lt;/li&gt;&lt;/ul&gt; &lt;b&gt;This device is also useful as a general connection point to wire up your design to another part of your project. Our various solder wires solder well into these plated through hole pads.&lt;/b&gt;&lt;ul&gt;&lt;li&gt;&lt;a href="https://www.sparkfun.com/products/11375"&gt; Hook-Up Wire - Assortment (Stranded, 22 AWG)&lt;/a&gt; (PRT-11375)&lt;/li&gt;&lt;li&gt;&lt;a href="https://www.sparkfun.com/products/11367"&gt; Hook-Up Wire - Assortment (Solid Core, 22 AWG)&lt;/a&gt; (PRT-11367)&lt;/li&gt;&lt;li&gt;&lt;a href="https://www.sparkfun.com/categories/141"&gt; View the entire wire category on our website here&lt;/a&gt;&lt;/li&gt; &lt;/ul&gt; &lt;b&gt;Special notes:&lt;/b&gt;   Molex polarized connector foot print use with SKU : PRT-08231 with associated crimp pins and housings. 1MM SMD Version SKU: PRT-10208</description>
      <footprints>
        <fp>*JST-5-PTH*</fp>
      </footprints>
      <fields>
        <field name="Reference">J</field>
        <field name="Value">CONN_05JST</field>
        <field name="Footprint">JST-5-PTH</field>
        <field name="Field4">PRT-09917</field>
      </fields>
      <pins>
        <pin num="1" name="1" type="passive"/>
        <pin num="2" name="2" type="passive"/>
        <pin num="3" name="3" type="passive"/>
        <pin num="4" name="4" type="passive"/>
        <pin num="5" name="5" type="passive"/>
      </pins>
    </libpart>
    <libpart lib="SparkFun-DiscreteSemi" part="TRANS_NPN-MMBT2222AL">
      <description>NPN transistor Current controlled devices typically used to amplify current or used as a switch. &lt;ul&gt;  &lt;li&gt;    BC547 -     &lt;a href="http://www.sparkfun.com/products/8928"&gt;COM-08928&lt;/a&gt;    (TO-92 45V 100mA) (1.Collector 2.Base 3.Emitter)  &lt;/li&gt;  &lt;li&gt;    2N3904 -     &lt;a href="http://www.sparkfun.com/products/521"&gt;COM-00521&lt;/a&gt;    (TO-92 40V 200mA) (1.Emitter 2.Base 3.Collector)  &lt;/li&gt;  &lt;li&gt;    P2N2222A -     &lt;a href="http://www.sparkfun.com/products/12852"&gt;COM-12852&lt;/a&gt;    (TO-92 40V 600mA) (1.Collector 2.Base 3.Emitter)  &lt;/li&gt;&lt;/ul&gt;</description>
      <footprints>
        <fp>*SOT23-3*</fp>
        <fp>*SOT23-3*</fp>
      </footprints>
      <fields>
        <field name="Reference">Q</field>
        <field name="Value">TRANS_NPN-MMBT2222AL</field>
        <field name="Footprint">SOT23-3</field>
        <field name="Field4">TRANS-08049</field>
      </fields>
      <pins>
        <pin num="1" name="B" type="passive"/>
        <pin num="2" name="E" type="passive"/>
        <pin num="3" name="C" type="passive"/>
      </pins>
    </libpart>
    <libpart lib="SparkFun-Electromechanical" part="BUZZER-PTH">
      <description>Buzzer Small round buzzers that operate around the audible 2kHz range. You can use these as speakers to create simple music or user interfaces. Variant Overview:&lt;ul&gt;&lt;li&gt;&lt;b&gt;PTH - &lt;/b&gt; &lt;a href="https://www.sparkfun.com/products/7950"&gt;Mini Speaker - PC Mount 12mm 2.048kHz&lt;/a&gt;&lt;/li&gt;&lt;li&gt;&lt;b&gt;PTH_KIT - &lt;/b&gt; &lt;a href="https://www.sparkfun.com/products/7950"&gt;Mini Speaker - PC Mount 12mm 2.048kHz&lt;/a&gt;&lt;/li&gt;&lt;ul&gt;&lt;li&gt; KIT simplifies soldering by adding stop mask to one side of the pads.&lt;/li&gt;&lt;/ul&gt;&lt;li&gt;&lt;b&gt;PTH_NO_SILK - &lt;/b&gt; &lt;a href="https://www.sparkfun.com/products/7950"&gt;Mini Speaker - PC Mount 12mm 2.048kHz&lt;/a&gt;&lt;/li&gt;&lt;ul&gt;&lt;li&gt; No silkscreen indicator of buzzer outline.&lt;/li&gt;&lt;/ul&gt;&lt;li&gt;&lt;b&gt;PTH_KIT_NO_SILK - &lt;/b&gt; &lt;a href="https://www.sparkfun.com/products/7950"&gt;Mini Speaker - PC Mount 12mm 2.048kHz&lt;/a&gt;&lt;/li&gt;&lt;ul&gt;&lt;li&gt; KIT package w/o silkscreen&lt;/li&gt;&lt;/ul&gt;&lt;li&gt;&lt;b&gt;SMD - &lt;/b&gt; Buzzer Audio Magnetic (CCV-084B16)&lt;/li&gt; &lt;ul&gt;&lt;li&gt;SMD buzzer used on, e.g. the &lt;a href="https://www.sparkfun.com/products/8463"&gt;LilyPad Buzzer&lt;/a&gt; and &lt;a href="https://www.sparkfun.com/products/9963"&gt;RFID USB Reader&lt;/a&gt;.&lt;/li&gt;&lt;/ul&gt;&lt;li&gt;&lt;b&gt;SMD_KIT - &lt;/b&gt; Buzzer Audio Magnetic (CCV-084B16)&lt;/li&gt;&lt;ul&gt;&lt;li&gt;SMD Buzzer with elongated pins to make soldering easier. Used on the &lt;a href="https://www.sparkfun.com/products/10935"&gt;SparkFun Simon Says - Surface Mount Soldering Kit&lt;/a&gt;.&lt;/li&gt;&lt;/ul&gt;&lt;/ul&gt;</description>
      <footprints>
        <fp>*BUZZER-12MM*</fp>
        <fp>*BUZZER-12MM-KIT*</fp>
        <fp>*BUZZER-12MM-NS-KIT*</fp>
        <fp>*BUZZER-12MM-NS*</fp>
        <fp>*BUZZER-CCV*</fp>
        <fp>*BUZZER-CCV-KIT*</fp>
      </footprints>
      <fields>
        <field name="Reference">LS</field>
        <field name="Value">BUZZER-PTH</field>
        <field name="Footprint">BUZZER-12MM</field>
        <field name="Field4">COMP-08253</field>
      </fields>
      <pins>
        <pin num="+" name="1" type="passive"/>
        <pin num="-" name="2" type="passive"/>
      </pins>
    </libpart>
    <libpart lib="SparkFun-LED" part="LED-BLUE1206">
      <description>Blue SMD LED Used in manufacturing of various products at SparkFun &lt;b&gt;Packages:&lt;/b&gt;&lt;ul&gt;&lt;li&gt;&lt;b&gt;0603&lt;/b&gt; - SMD 0603 package &lt;a href="http://www.digikey.com/product-detail/en/SMLE12BC7TT86/511-1589-2-ND/1641808"&gt;[Product Link]&lt;/li&gt;&lt;li&gt;&lt;b&gt;1206&lt;/b&gt; - SMD1206  package &lt;a href="http://www.digikey.com/product-detail/en/lite-on-inc/LTST-C150TBKT/160-1643-1-ND/573584"&gt;[Product Link]&lt;/li&gt;&lt;ul&gt; &lt;b&gt;SparkFun Products:&lt;/b&gt;&lt;ul&gt;&lt;li&gt;&lt;a href= https://www.sparkfun.com/products/13711 &gt;ESP8266 Thing-Dev Board&lt;/a&gt;&lt;/li&gt;&lt;li&gt;&lt;a href= https://www.sparkfun.com/products/12757 &gt;RedBoard&lt;/a&gt;&lt;/li&gt;&lt;/ul&gt;</description>
      <footprints>
        <fp>*LED-1206*</fp>
      </footprints>
      <fields>
        <field name="Reference">D</field>
        <field name="Value">LED-BLUE1206</field>
        <field name="Footprint">LED-1206</field>
        <field name="Field4">DIO-09911</field>
      </fields>
      <pins>
        <pin num="A" name="A" type="passive"/>
        <pin num="C" name="C" type="passive"/>
      </pins>
    </libpart>
    <libpart lib="SparkFun-Sensors" part="MLX90614">
      <description>Melexis MLX90614 Infrared (IR) Thermometer The MLX90614 is a passive infrared (PIR) I&lt;sup&gt;2&lt;/sup&gt;C temperature sensor.It is designed for non-contact temperature sensing. An internal 17-bit ADC and a powerful DSP contribute to the MLX90614 s high accuracy and resolution. It has a huge number of applications including body temperature measurment and movement detection. &lt;a href="http://www.sparkfun.com/datasheets/Sensors/Temperature/SEN-09570-datasheet-3901090614M005.pdf"&gt;Datasheet&lt;/a&gt; &lt;h4&gt;SparkFun Products&lt;/h4&gt;&lt;ul&gt;&lt;li&gt;&lt;a href="https://www.sparkfun.com/products/9570"&gt;Infrared Thermometer - MLX90614&lt;/a&gt; (SEN-09570)&lt;/li&gt;&lt;li&gt;&lt;a href="https://www.sparkfun.com/products/10740"&gt;SparkFun IR Thermometer Evaluation Board - MLX90614 &lt;/a&gt; (SEN-10740)&lt;/li&gt;&lt;/ul&gt;</description>
      <footprints>
        <fp>*TO-39*</fp>
      </footprints>
      <fields>
        <field name="Reference">U</field>
        <field name="Value">MLX90614</field>
        <field name="Footprint">TO-39</field>
        <field name="Field4">COMP-09719</field>
      </fields>
      <pins>
        <pin num="1" name="SCL/VZ" type="BiDi"/>
        <pin num="2" name="PWM/SDA" type="BiDi"/>
        <pin num="3" name="VDD" type="BiDi"/>
        <pin num="4" name="VSS" type="BiDi"/>
      </pins>
    </libpart>
    <libpart lib="SparkFun-Switches" part="MOMENTARY-SWITCH-SPST-SMD-6.0X3.5MM">
      <description>Momentary Switch (Pushbutton) - SPST Normally-open (NO) SPST momentary switches (buttons, pushbuttons). &lt;h4&gt;Variants&lt;/h4&gt;&lt;h5&gt;PTH-12MM - 12mm square, through-hole&lt;/h5&gt;&lt;ul&gt;&lt;li&gt;&lt;a href="https://www.sparkfun.com/products/9190"&gt;Momentary Pushbutton Switch - 12mm Square&lt;/a&gt; (COM-09190)&lt;/li&gt;&lt;/ul&gt;&lt;h5&gt;PTH-6.0MM, PTH-6.0MM-KIT - 6.0mm square, through-hole&lt;/h5&gt;&lt;ul&gt;&lt;li&gt;&lt;a href="https://www.sparkfun.com/products/97"&gt;Mini Pushbutton Switch&lt;/a&gt; (COM-00097)&lt;/li&gt;&lt;li&gt;KIT package intended for soldering kit's - only one side of pads' copper is exposed.&lt;/li&gt;&lt;/ul&gt;&lt;h5&gt;PTH-RIGHT-ANGLE-KIT - Right-angle, through-hole&lt;/h5&gt;&lt;ul&gt;&lt;li&gt;&lt;a href="https://www.sparkfun.com/products/10791"&gt;Right Angle Tactile Button&lt;/a&gt; - Used on &lt;a href="https://www.sparkfun.com/products/11734"&gt;SparkFun BigTime Watch Kit&lt;/a&gt;&lt;/li&gt;&lt;/ul&gt;&lt;h5&gt;SMD-12MM - 12mm square, surface-mount&lt;/h5&gt;&lt;ul&gt;&lt;li&gt;&lt;a href="https://www.sparkfun.com/products/12993"&gt;Tactile Button - SMD (12mm)&lt;/a&gt; (COM-12993)&lt;/li&gt;&lt;li&gt;Used on &lt;a href="https://www.sparkfun.com/products/11888"&gt;SparkFun PicoBoard&lt;/a&gt;&lt;/li&gt;&lt;/ul&gt;&lt;h5&gt;SMD-4.5MM - 4.5mm Square Trackball Switch&lt;/h5&gt;&lt;ul&gt;&lt;li&gt;Used on &lt;a href="https://www.sparkfun.com/products/13169"&gt;SparkFun Blackberry Trackballer Breakout&lt;/a&gt;&lt;/li&gt;&lt;/ul&gt;&lt;h5&gt;SMD-4.6MMX2.8MM -  4.60mm x 2.80mm, surface mount&lt;/h5&gt;&lt;ul&gt;&lt;li&gt;Used on &lt;a href="https://www.sparkfun.com/products/13664"&gt;SparkFun SAMD21 Mini Breakout&lt;/a&gt;&lt;/li&gt;&lt;/ul&gt;&lt;h5&gt;SMD-5.2MM, SMD-5.2-REDUNDANT - 5.2mm square, surface-mount&lt;/h5&gt;&lt;ul&gt;&lt;li&gt;&lt;a href="https://www.sparkfun.com/products/8720"&gt;Mini Pushbutton Switch - SMD&lt;/a&gt; (COM-08720)&lt;/li&gt;&lt;li&gt;Used on &lt;a href="https://www.sparkfun.com/products/11114"&gt;Arduino Pro Mini&lt;/a&gt;&lt;/li&gt;&lt;li&gt;REDUNDANT package connects both switch circuits together&lt;/li&gt;&lt;/ul&gt;&lt;h5&gt;SMD-6.0X3.5MM - 6.0 x 3.5mm, surface mount&lt;/h5&gt;&lt;ul&gt;&lt;li&gt;&lt;a href="https://www.sparkfun.com/products/8229"&gt;Momentary Reset Switch SMD&lt;/a&gt; (COM-08229)&lt;/li&gt;&lt;/ul&gt;&lt;h5&gt;SMD-6.2MM-TALL - 6.2mm square, surface mount&lt;/h5&gt;&lt;ul&gt;&lt;li&gt;&lt;a href="https://www.sparkfun.com/products/12992"&gt;Tactile Button - SMD (6mm)&lt;/a&gt;&lt;/li&gt;&lt;li&gt;Used on &lt;a href="https://www.sparkfun.com/products/12651"&gt;SparkFun Digital Sandbox&lt;/a&gt;&lt;/li&gt;&lt;/ul&gt;&lt;h5&gt;SMD-RIGHT-ANGLE - Right-angle, surface mount&lt;/h5&gt;&lt;ul&gt;&lt;li&gt;Used on &lt;a href="https://www.sparkfun.com/products/13036"&gt;SparkFun Block for Intel  Edison - Arduino&lt;/a&gt;&lt;/li&gt;&lt;/ul&gt;</description>
      <footprints>
        <fp>*TACTILE_SWITCH_SMD_6.0X3.5MM*</fp>
      </footprints>
      <fields>
        <field name="Reference">S</field>
        <field name="Value">MOMENTARY-SWITCH-SPST-SMD-6.0X3.5MM</field>
        <field name="Footprint">TACTILE_SWITCH_SMD_6.0X3.5MM</field>
        <field name="Field4">SWCH-00815</field>
      </fields>
      <pins>
        <pin num="1" name="1" type="passive"/>
        <pin num="2" name="2" type="passive"/>
      </pins>
    </libpart>
    <libpart lib="SparkFun-Switches" part="SWITCH-SPDT-PTH-11.6X4.0MM">
      <description>Single Pole, Double Throw (SPDT) Switch Single-pole, double-throw (SPDT) switch. &lt;h4&gt;Variant Overview&lt;/h4&gt;&lt;h5&gt;SMD-AYZ0202&lt;/h5&gt;&lt;ul&gt;&lt;li&gt;&lt;a href="https://www.sparkfun.com/products/597"&gt;Surface Mount DPDT Switch&lt;/a&gt; (COM-00597)&lt;/li&gt;&lt;li&gt;Used on e.g. &lt;a href="https://www.sparkfun.com/products/12049"&gt;LilyPad Arduino USB - ATmega32U4 Board&lt;/a&gt;&lt;/ul&gt;&lt;h5&gt;PTH-11.6X4.0MM&lt;/h5&gt;&lt;ul&gt;&lt;li&gt;&lt;a href="https://www.sparkfun.com/products/102"&gt;SPDT Mini Power Switch&lt;/a&gt; (COM-00102)&lt;/li&gt;&lt;li&gt;Used on e.g. &lt;a href="https://www.sparkfun.com/products/10547"&gt;SparkFun Simon Says - Through-Hole Soldering Kit&lt;/a&gt; (KIT-10547)&lt;/li&gt;&lt;/ul&gt;&lt;h5&gt;PTH-11.6X4.0MM-KIT&lt;/h5&gt;&lt;ul&gt;&lt;li&gt;KIT version of SPDT Mini Power Switch - Simplifies soldering by removing tStop of switch pins - only one side can be soldered.&lt;/li&gt;&lt;/ul&gt;&lt;h5&gt;PTH-11.6X4.0MM-LOCK&lt;/h5&gt;&lt;ul&gt;&lt;li&gt;LOCK version of SPDT Mini Power Switch - Offset pins hold switch in place for easier soldering.&lt;/li&gt;&lt;/ul&gt;&lt;h5&gt;SMD-RIGHT-ANGLE&lt;/h5&gt;&lt;ul&gt;&lt;li&gt;&lt;a href="https://www.sparkfun.com/products/10860"&gt;Surface Mount Right Angle Switch&lt;/a&gt; (COM-10860)&lt;/li&gt;&lt;li&gt;Used on e.g. &lt;a href="https://www.sparkfun.com/products/13231"&gt;SparkFun ESP8266 Thing&lt;/a&gt;&lt;/li&gt;&lt;/ul&gt;</description>
      <footprints>
        <fp>*SWITCH_SPDT_PTH_11.6X4.0MM*</fp>
        <fp>*SWITCH_SPDT_PTH_11.6X4.0MM_KIT*</fp>
        <fp>*SWITCH_SPDT_PTH_11.6X4.0MM_LOCK*</fp>
        <fp>*SWITCH_DPDT_SMD_AYZ0202*</fp>
        <fp>*SWITCH_SPST_SMD_A*</fp>
      </footprints>
      <fields>
        <field name="Reference">S</field>
        <field name="Value">SWITCH-SPDT-PTH-11.6X4.0MM</field>
        <field name="Footprint">SWITCH_SPDT_PTH_11.6X4.0MM</field>
        <field name="Field4">SWCH-08261</field>
      </fields>
      <pins>
        <pin num="1" name="O" type="passive"/>
        <pin num="2" name="P" type="passive"/>
        <pin num="3" name="S" type="passive"/>
      </pins>
    </libpart>
    <libpart lib="Switch" part="SW_SPST">
      <description>Single Pole Single Throw (SPST) switch</description>
      <docs>~</docs>
      <fields>
        <field name="Reference">SW</field>
        <field name="Value">SW_SPST</field>
      </fields>
      <pins>
        <pin num="1" name="A" type="passive"/>
        <pin num="2" name="B" type="passive"/>
      </pins>
    </libpart>
    <libpart lib="Timer_RTC" part="DS3231M">
      <description>Extremely Accurate I2C-Integrated RTC/TCXO/Crystal SOIC-16</description>
      <docs>http://datasheets.maximintegrated.com/en/ds/DS3231.pdf</docs>
      <footprints>
        <fp>SOIC*7.5x10.3mm*P1.27mm*</fp>
      </footprints>
      <fields>
        <field name="Reference">U</field>
        <field name="Value">DS3231M</field>
        <field name="Footprint">Package_SO:SOIC-16W_7.5x10.3mm_P1.27mm</field>
      </fields>
      <pins>
        <pin num="1" name="32KHZ" type="openCol"/>
        <pin num="2" name="VCC" type="power_in"/>
        <pin num="3" name="~INT~/SQW" type="openCol"/>
        <pin num="4" name="~RST" type="BiDi"/>
        <pin num="5" name="GND" type="passive"/>
        <pin num="6" name="GND" type="passive"/>
        <pin num="7" name="GND" type="passive"/>
        <pin num="8" name="GND" type="passive"/>
        <pin num="9" name="GND" type="passive"/>
        <pin num="10" name="GND" type="passive"/>
        <pin num="11" name="GND" type="passive"/>
        <pin num="12" name="GND" type="passive"/>
        <pin num="13" name="GND" type="power_in"/>
        <pin num="14" name="VBAT" type="power_in"/>
        <pin num="15" name="SDA" type="BiDi"/>
        <pin num="16" name="SCL" type="input"/>
      </pins>
    </libpart>
  </libparts>
  <libraries>
    <library logical="Device">
      <uri>C:\Program Files\KiCad\share\kicad\library/Device.lib</uri>
    </library>
    <library logical="Jumper">
      <uri>C:\Program Files\KiCad\share\kicad\library/Jumper.lib</uri>
    </library>
    <library logical="OLED_128x64_I2C">
      <uri>D:/Ashish_Pardeshi/Software/KiCAD_Lib/Ashish_Designed_Kicad_lib/OLED_128x64_I2C.lib</uri>
    </library>
    <library logical="RF_Module">
      <uri>C:\Program Files\KiCad\share\kicad\library/RF_Module.lib</uri>
    </library>
    <library logical="Regulator_Linear">
      <uri>C:\Program Files\KiCad\share\kicad\library/Regulator_Linear.lib</uri>
    </library>
    <library logical="Sensor_Temperature">
      <uri>C:\Program Files\KiCad\share\kicad\library/Sensor_Temperature.lib</uri>
    </library>
    <library logical="SparkFun-Batteries">
      <uri>D:/Ashish_Pardeshi/Software/KiCAD_Lib/SparkFun-KiCad-Libraries-master/SparkFun-KiCad-Libraries-master/Libraries/SparkFun-Batteries.lib</uri>
    </library>
    <library logical="SparkFun-Capacitors">
      <uri>D:/Ashish_Pardeshi/Software/KiCAD_Lib/SparkFun-KiCad-Libraries-master/SparkFun-KiCad-Libraries-master/Libraries/SparkFun-Capacitors.lib</uri>
    </library>
    <library logical="SparkFun-Connectors">
      <uri>D:/Ashish_Pardeshi/Software/KiCAD_Lib/SparkFun-KiCad-Libraries-master/SparkFun-KiCad-Libraries-master/Libraries/SparkFun-Connectors.lib</uri>
    </library>
    <library logical="SparkFun-DiscreteSemi">
      <uri>D:/Ashish_Pardeshi/Software/KiCAD_Lib/SparkFun-KiCad-Libraries-master/SparkFun-KiCad-Libraries-master/Libraries/SparkFun-DiscreteSemi.lib</uri>
    </library>
    <library logical="SparkFun-Electromechanical">
      <uri>D:/Ashish_Pardeshi/Software/KiCAD_Lib/SparkFun-KiCad-Libraries-master/SparkFun-KiCad-Libraries-master/Libraries/SparkFun-Electromechanical.lib</uri>
    </library>
    <library logical="SparkFun-LED">
      <uri>D:/Ashish_Pardeshi/Software/KiCAD_Lib/SparkFun-KiCad-Libraries-master/SparkFun-KiCad-Libraries-master/Libraries/SparkFun-LED.lib</uri>
    </library>
    <library logical="SparkFun-Sensors">
      <uri>D:/Ashish_Pardeshi/Software/KiCAD_Lib/SparkFun-KiCad-Libraries-master/SparkFun-KiCad-Libraries-master/Libraries/SparkFun-Sensors.lib</uri>
    </library>
    <library logical="SparkFun-Switches">
      <uri>D:/Ashish_Pardeshi/Software/KiCAD_Lib/SparkFun-KiCad-Libraries-master/SparkFun-KiCad-Libraries-master/Libraries/SparkFun-Switches.lib</uri>
    </library>
    <library logical="Switch">
      <uri>C:\Program Files\KiCad\share\kicad\library/Switch.lib</uri>
    </library>
    <library logical="Timer_RTC">
      <uri>C:\Program Files\KiCad\share\kicad\library/Timer_RTC.lib</uri>
    </library>
  </libraries>
  <nets>
    <net code="1" name="SDA">
      <node ref="U1" pin="19"/>
      <node ref="U3" pin="15"/>
      <node ref="dis1" pin="4"/>
      <node ref="U4" pin="2"/>
      <node ref="R17" pin="1"/>
    </net>
    <net code="2" name="BUZZZ">
      <node ref="U1" pin="11"/>
      <node ref="LS1" pin="+"/>
    </net>
    <net code="3" name="LASER_TRIG">
      <node ref="J2" pin="3"/>
      <node ref="U1" pin="12"/>
    </net>
    <net code="4" name="Net-(Q2-Pad1)">
      <node ref="Q2" pin="1"/>
      <node ref="R6" pin="1"/>
    </net>
    <net code="5" name="Net-(R15-Pad2)">
      <node ref="R15" pin="2"/>
      <node ref="S2" pin="1"/>
    </net>
    <net code="6" name="RXD">
      <node ref="R7" pin="1"/>
      <node ref="U1" pin="21"/>
    </net>
    <net code="7" name="+3V3">
      <node ref="J4" pin="3"/>
      <node ref="U2" pin="1"/>
      <node ref="R10" pin="1"/>
      <node ref="J2" pin="2"/>
      <node ref="U3" pin="2"/>
      <node ref="R3" pin="2"/>
      <node ref="dis1" pin="1"/>
      <node ref="U1" pin="8"/>
      <node ref="R11" pin="1"/>
      <node ref="C5" pin="+"/>
      <node ref="C9" pin="1"/>
      <node ref="C7" pin="1"/>
      <node ref="U5" pin="2"/>
      <node ref="R2" pin="2"/>
      <node ref="R12" pin="2"/>
      <node ref="U4" pin="3"/>
      <node ref="R4" pin="2"/>
      <node ref="R13" pin="2"/>
      <node ref="R16" pin="2"/>
      <node ref="R17" pin="2"/>
    </net>
    <net code="8" name="GPIO0">
      <node ref="R12" pin="1"/>
      <node ref="Q1" pin="3"/>
      <node ref="U1" pin="18"/>
      <node ref="R15" pin="1"/>
    </net>
    <net code="9" name="Net-(Q1-Pad1)">
      <node ref="R5" pin="1"/>
      <node ref="Q1" pin="1"/>
    </net>
    <net code="10" name="GND">
      <node ref="C7" pin="2"/>
      <node ref="U5" pin="1"/>
      <node ref="C9" pin="2"/>
      <node ref="C5" pin="-"/>
      <node ref="J4" pin="1"/>
      <node ref="J3" pin="5"/>
      <node ref="U3" pin="6"/>
      <node ref="U3" pin="5"/>
      <node ref="U3" pin="13"/>
      <node ref="U3" pin="12"/>
      <node ref="U3" pin="11"/>
      <node ref="U3" pin="10"/>
      <node ref="U3" pin="7"/>
      <node ref="J1" pin="1"/>
      <node ref="R14" pin="1"/>
      <node ref="J2" pin="1"/>
      <node ref="U3" pin="8"/>
      <node ref="U1" pin="15"/>
      <node ref="C3" pin="2"/>
      <node ref="C1" pin="-"/>
      <node ref="U4" pin="4"/>
      <node ref="dis1" pin="2"/>
      <node ref="U3" pin="9"/>
      <node ref="SW1" pin="2"/>
      <node ref="S2" pin="2"/>
      <node ref="S1" pin="1"/>
      <node ref="D2" pin="C"/>
      <node ref="D1" pin="C"/>
      <node ref="U2" pin="2"/>
      <node ref="LS1" pin="-"/>
      <node ref="J6" pin="2"/>
      <node ref="R9" pin="1"/>
      <node ref="BT1" pin="2"/>
      <node ref="C2" pin="2"/>
    </net>
    <net code="11" name="RTS">
      <node ref="R5" pin="2"/>
      <node ref="J3" pin="4"/>
      <node ref="Q2" pin="2"/>
    </net>
    <net code="12" name="DTR">
      <node ref="Q1" pin="2"/>
      <node ref="R6" pin="2"/>
      <node ref="J3" pin="3"/>
    </net>
    <net code="13" name="Net-(J3-Pad2)">
      <node ref="R1" pin="2"/>
      <node ref="J3" pin="2"/>
    </net>
    <net code="14" name="Net-(J3-Pad1)">
      <node ref="R7" pin="2"/>
      <node ref="J3" pin="1"/>
    </net>
    <net code="15" name="TXD">
      <node ref="U1" pin="22"/>
      <node ref="R1" pin="1"/>
    </net>
    <net code="16" name="Trigger_Sw">
      <node ref="J6" pin="1"/>
      <node ref="U1" pin="13"/>
      <node ref="SW1" pin="1"/>
    </net>
    <net code="17" name="UI_Sw_5">
      <node ref="J5" pin="1"/>
      <node ref="U1" pin="10"/>
    </net>
    <net code="18" name="UI_Sw_4">
      <node ref="J5" pin="2"/>
      <node ref="U1" pin="9"/>
    </net>
    <net code="19" name="Net-(R18-Pad1)">
      <node ref="U1" pin="14"/>
      <node ref="R18" pin="1"/>
    </net>
    <net code="20" name="Net-(D2-PadA)">
      <node ref="D2" pin="A"/>
      <node ref="R18" pin="2"/>
    </net>
    <net code="21" name="Net-(D1-PadA)">
      <node ref="D1" pin="A"/>
      <node ref="R4" pin="1"/>
    </net>
    <net code="22" name="Net-(R8-Pad2)">
      <node ref="U1" pin="2"/>
      <node ref="R8" pin="2"/>
      <node ref="R9" pin="2"/>
    </net>
    <net code="23" name="Net-(JP1-Pad2)">
      <node ref="R8" pin="1"/>
      <node ref="JP1" pin="2"/>
    </net>
    <net code="24" name="LM35">
      <node ref="JP1" pin="3"/>
      <node ref="U2" pin="3"/>
    </net>
    <net code="25" name="Net-(J4-Pad2)">
      <node ref="J4" pin="2"/>
      <node ref="JP1" pin="1"/>
    </net>
    <net code="26" name="Net-(J5-Pad3)">
      <node ref="J5" pin="3"/>
      <node ref="U1" pin="7"/>
    </net>
    <net code="27" name="Net-(J5-Pad4)">
      <node ref="J5" pin="4"/>
      <node ref="U1" pin="6"/>
    </net>
    <net code="28" name="Net-(J5-Pad5)">
      <node ref="J5" pin="5"/>
      <node ref="U1" pin="5"/>
    </net>
    <net code="29" name="Net-(R2-Pad1)">
      <node ref="R2" pin="1"/>
      <node ref="U3" pin="1"/>
    </net>
    <net code="30" name="+9V">
      <node ref="C3" pin="1"/>
      <node ref="U5" pin="3"/>
      <node ref="C1" pin="+"/>
      <node ref="S5" pin="3"/>
    </net>
    <net code="31" name="SCL">
      <node ref="R16" pin="1"/>
      <node ref="U1" pin="20"/>
      <node ref="U3" pin="16"/>
      <node ref="dis1" pin="3"/>
      <node ref="U4" pin="1"/>
    </net>
    <net code="32" name="Net-(U3-Pad4)">
      <node ref="U3" pin="4"/>
    </net>
    <net code="33" name="Net-(R3-Pad1)">
      <node ref="R3" pin="1"/>
      <node ref="U3" pin="3"/>
    </net>
    <net code="34" name="Net-(S5-Pad1)">
      <node ref="S5" pin="1"/>
    </net>
    <net code="35" name="Net-(J1-Pad2)">
      <node ref="S5" pin="2"/>
      <node ref="J1" pin="2"/>
    </net>
    <net code="36" name="RESET">
      <node ref="C2" pin="1"/>
      <node ref="U1" pin="1"/>
      <node ref="Q2" pin="3"/>
      <node ref="R11" pin="2"/>
      <node ref="S1" pin="2"/>
    </net>
    <net code="37" name="Net-(R10-Pad2)">
      <node ref="R10" pin="2"/>
      <node ref="U1" pin="3"/>
    </net>
    <net code="38" name="Net-(U1-Pad4)">
      <node ref="U1" pin="4"/>
    </net>
    <net code="39" name="Net-(R13-Pad1)">
      <node ref="R13" pin="1"/>
      <node ref="U1" pin="17"/>
    </net>
    <net code="40" name="Net-(R14-Pad2)">
      <node ref="U1" pin="16"/>
      <node ref="R14" pin="2"/>
    </net>
    <net code="41" name="Net-(BT1-Pad1)">
      <node ref="U3" pin="14"/>
      <node ref="BT1" pin="1"/>
    </net>
  </nets>
</export>
